2026-02-22 19:28:56.415 19982-20363 Camera2PresenceSrc      io....stant.companion.android.debug  D  System onCameraAccessPrioritiesChanged.
2026-02-22 19:28:56.417 19982-20367 Camera2PresenceSrc      io....stant.companion.android.debug  D  [FetchData] Refreshed camera list: CameraIdentifier{cameraIds=0}, CameraIdentifier{cameraIds=1}
2026-02-22 19:28:56.467 19982-19982 WebViewAct...y$onCreate io....stant.companion.android.debug  D  Matter/Thread step changed to NOT_STARTED
2026-02-22 19:28:56.468 19982-19982 ImageCapture            io....stant.companion.android.debug  D  onCameraControlReady
2026-02-22 19:28:56.468 19982-19982 Camera2CameraControlImp io....stant.companion.android.debug  D  setFlashMode: mFlashMode = 2
2026-02-22 19:28:56.468 19982-20363 UseCaseAttachState      io....stant.companion.android.debug  D  Active and attached use case: [] for camera: 0
2026-02-22 19:28:56.469 19982-20363 Camera2CameraImpl       io....stant.companion.android.debug  D  {Camera@3abd94a[id=0]} Use cases [androidx.camera.core.ImageCapture-76970893-ef53-4bec-b772-e1294269d4af195766696] now ATTACHED
2026-02-22 19:28:56.469 19982-20363 Camera2CameraControlImp io....stant.companion.android.debug  D  setActive: isActive = true
2026-02-22 19:28:56.469 19982-20363 UseCaseAttachState      io....stant.companion.android.debug  D  All use case: [androidx.camera.core.ImageCapture-76970893-ef53-4bec-b772-e1294269d4af195766696] for camera: 0
2026-02-22 19:28:56.469 19982-20363 MeteringRepeating       io....stant.companion.android.debug  D  MeteringSession SurfaceTexture size: 640x480
2026-02-22 19:28:56.469 19982-19982 WebViewActivity         io....stant.companion.android.debug  D  ZZZ: onResume
2026-02-22 19:28:56.469 19982-20363 DeferrableSurface       io....stant.companion.android.debug  D  Surface created[total_surfaces=2, used_surfaces=0](androidx.camera.core.impl.ImmediateSurface@dcc0843}
2026-02-22 19:28:56.470 19982-20367 Camera2PresenceSrc      io....stant.companion.android.debug  D  System onCameraAccessPrioritiesChanged.
2026-02-22 19:28:56.470 19982-19982 WebViewActivity         io....stant.companion.android.debug  D  Waiting for loadedUrl https://ha.cpwang.co/?external_auth=1
2026-02-22 19:28:56.471 19982-19982 WebViewActivity         io....stant.companion.android.debug  D  ZZZ: setUpCamera
2026-02-22 19:28:56.471 19982-20367 Camera2PresenceSrc      io....stant.companion.android.debug  D  [FetchData] Refreshed camera list: CameraIdentifier{cameraIds=0}, CameraIdentifier{cameraIds=1}
2026-02-22 19:28:56.472 19982-19982 WebViewActivity         io....stant.companion.android.debug  D  ZZZ: cameraProvider2=androidx.camera.lifecycle.ProcessCameraProvider@883d51
2026-02-22 19:28:56.472 19982-19982 WebViewActivity         io....stant.companion.android.debug  D  ZZZ: cameraProvider2.availableCameraInfos=[androidx.camera.camera2.internal.Camera2CameraInfoImpl@a56f9b6, androidx.camera.camera2.internal.Camera2CameraInfoImpl@fe1f6b7]
2026-02-22 19:28:56.474 19982-20363 DynamicRangeResolver    io....stant.companion.android.debug  D  Resolved dynamic range for use case androidx.camera.camera2.internal.MeteringRepeatingSession-c8e7140c-8dcf-4f3e-9d6c-0d41b3722a76 to no compatible HDR dynamic ranges.
                                                                                                    DynamicRange@78311d9{encoding=UNSPECIFIED, bitDepth=0}
                                                                                                    ->
                                                                                                    DynamicRange@5695e84{encoding=SDR, bitDepth=8}
2026-02-22 19:28:56.474 19982-20363 SupportedS...ombination io....stant.companion.android.debug  D  resolvedDynamicRanges = {androidx.camera.camera2.internal.MeteringRepeatingSession$MeteringRepeatingConfig@70e333e=DynamicRange@5695e84{encoding=SDR, bitDepth=8}}
2026-02-22 19:28:56.474 19982-20363 SupportedS...ombination io....stant.companion.android.debug  D  getSuggestedStreamSpecifications: isPreviewStabilizationOn = false, mIsPreviewStabilizationSupported = true, isFeatureComboInvocation = false
2026-02-22 19:28:56.474 19982-20363 SupportedS...ombination io....stant.companion.android.debug  D  resolveSpecsByCheckingMethod: checkingMethod = WITHOUT_FEATURE_COMBO
2026-02-22 19:28:56.474 19982-20363 SupportedS...ombination io....stant.companion.android.debug  D  resolveSpecsBySettings: featureSettings = FeatureSettings{getCameraMode=0, hasVideoCapture=false, getRequiredMaxBitDepth=8, isPreviewStabilizationOn=false, isUltraHdrOn=false, isHighSpeedOn=false, isFeatureComboInvocation=false, requiresFeatureComboQuery=false, getTargetFpsRange=[0, 0], isStrictFpsRequired=false}
2026-02-22 19:28:56.474 19982-20363 CameraQuirks            io....stant.companion.android.debug  D  camera2 CameraQuirks = 
2026-02-22 19:28:56.474 19982-20363 SupportedS...ombination io....stant.companion.android.debug  D  orderedSurfaceConfigListForStreamUseCase = [SurfaceConfig(configType=JPEG, configSize=MAXIMUM, streamUseCase=STILL_CAPTURE), SurfaceConfig(configType=PRIV, configSize=PREVIEW, streamUseCase=PREVIEW)]
2026-02-22 19:28:56.475 19982-20363 SupportedS...ombination io....stant.companion.android.debug  D  resolveSpecsBySettings: bestSizesAndFps = BestSizesAndMaxFpsForConfigs{bestSizes=[640x480], bestSizesForStreamUseCase=[640x480], maxFpsForBestSizes=30, maxFpsForStreamUseCase=30, maxFpsForAllSizes=2147483647}
2026-02-22 19:28:56.475 19982-20363 Camera2CameraImpl       io....stant.companion.android.debug  D  {Camera@3abd94a[id=0]} Surface combination with metering repeating supported!
2026-02-22 19:28:56.475 19982-20363 UseCaseAttachState      io....stant.companion.android.debug  D  Active and attached use case: [MeteringRepeating116779701] for camera: 0
2026-02-22 19:28:56.475 19982-19982 WebViewAct...etUpCamera io....stant.companion.android.debug  D  ZZZ: isProjected=true
2026-02-22 19:28:56.476 19982-20363 Camera2CameraImpl       io....stant.companion.android.debug  D  {Camera@3abd94a[id=0]} Resetting Capture Session
2026-02-22 19:28:56.476 19982-20363 Camera2CameraImpl       io....stant.companion.android.debug  D  {Camera@3abd94a[id=0]} Skipping Capture Session state check due to current camera state: INITIALIZED and previous session status: false
2026-02-22 19:28:56.476 19982-20363 Camera2CameraImpl       io....stant.companion.android.debug  D  {Camera@3abd94a[id=0]} Releasing session in state INITIALIZED
2026-02-22 19:28:56.476 19982-20363 Camera2CameraImpl       io....stant.companion.android.debug  D  {Camera@3abd94a[id=0]} Attempting to force open the camera.
2026-02-22 19:28:56.476 19982-20363 CameraStateRegistry     io....stant.companion.android.debug  D  tryOpenCamera(Camera@3abd94a[id=0]) [Available Cameras: 1, Already Open: false (Previous state: CLOSED)] --> SUCCESS
2026-02-22 19:28:56.476 19982-20363 CameraStateRegistry     io....stant.companion.android.debug  D  Recalculating open cameras:
                                                                                                    Camera                                       State                 
                                                                                                    -------------------------------------------------------------------
                                                                                                    Camera@3abd94a[id=0]                         OPENING               
                                                                                                    Camera@9140c33[id=1]                         UNKNOWN               
                                                                                                    -------------------------------------------------------------------
                                                                                                    Open count: 1 (Max allowed: 1)
2026-02-22 19:28:56.476 19982-20363 Camera2CameraImpl       io....stant.companion.android.debug  D  {Camera@3abd94a[id=0]} Opening camera.
2026-02-22 19:28:56.476 19982-20363 Camera2CameraImpl       io....stant.companion.android.debug  D  {Camera@3abd94a[id=0]} Transitioning camera internal state: INITIALIZED --> OPENING
2026-02-22 19:28:56.476 19982-20363 CameraStateMachine      io....stant.companion.android.debug  D  New public camera state CameraState{type=OPENING, error=null} from OPENING and null
2026-02-22 19:28:56.476 19982-20363 CameraStateMachine      io....stant.companion.android.debug  D  Publishing new public camera state CameraState{type=OPENING, error=null}
2026-02-22 19:28:56.476 19982-19982 WebViewAct...etUpCamera io....stant.companion.android.debug  D  ZZZ: created projected context android.app.ContextImpl@e743cbb from normal context io.homeassistant.companion.android.webview.WebViewActivity@6c8c7c4
2026-02-22 19:28:56.476 19982-20363 UseCaseAttachState      io....stant.companion.android.debug  D  All use case: [androidx.camera.core.ImageCapture-76970893-ef53-4bec-b772-e1294269d4af195766696, MeteringRepeating116779701] for camera: 0
2026-02-22 19:28:56.476 19982-19982 WebViewAct...etUpCamera io....stant.companion.android.debug  D  ZZZ: cameraProvider=androidx.camera.lifecycle.ProcessCameraProvider@883d51
2026-02-22 19:28:56.476 19982-19982 WebViewAct...etUpCamera io....stant.companion.android.debug  D  ZZZ: cameraProvider.availableCameraInfos=[androidx.camera.camera2.internal.Camera2CameraInfoImpl@a56f9b6, androidx.camera.camera2.internal.Camera2CameraInfoImpl@fe1f6b7]
2026-02-22 19:28:56.477 19982-20189 WM-Processor            io....stant.companion.android.debug  D  Processor cancelling bfbcea7a-d157-43d2-80e5-815bffcead61
2026-02-22 19:28:56.477 19982-20189 WM-Processor            io....stant.companion.android.debug  D  WorkerWrapper could not be found for bfbcea7a-d157-43d2-80e5-815bffcead61
2026-02-22 19:28:56.481 19982-19982 WebViewAct...etUpCamera io....stant.companion.android.debug  D  ZZZ: cameraCharacteristics=StreamConfiguration(Outputs([w:4000, h:3000, format:RAW_SENSOR(32), min_duration:33333333, stall:0], [w:4000, h:2256, format:RAW_SENSOR(32), min_duration:16666666, stall:0], [w:2000, h:1500, format:RAW_SENSOR(32), min_duration:16666666, stall:0], [w:4000, h:3000, format:JPEG(256), min_duration:33333333, stall:0], [w:4000, h:2000, format:JPEG(256), min_duration:33333333, stall:0], [w:3840, h:2160, format:JPEG(256), min_duration:16666666, stall:0], [w:3264, h:2448, format:JPEG(256), min_duration:33333333, stall:0], [w:3264, h:1836, format:JPEG(256), min_duration:16666666, stall:0], [w:2688, h:1512, format:JPEG(256), min_duration:16666666, stall:0], [w:2560, h:1920, format:JPEG(256), min_duration:33333333, stall:0], [w:2560, h:1280, format:JPEG(256), min_duration:33333333, stall:0], [w:2052, h:2736, format:JPEG(256), min_duration:16666666, stall:0], [w:2048, h:1536, format:JPEG(256), min_duration:33333333, stall:0], [w:1920, h:1920, format:JPEG(256), min_duration:33333333, stall:0], [w:1920, h:1440, format:JPEG(256), min_duration:33333333, stall:0], [w:1920, h:1080, format:JPEG(256), min_duration:16666666, stall:0], [w:1600, h:2136, format:JPEG(256), min_duration:16666666, stall:0], [w:4000, h:3000, format:PRIVATE(34), min_duration:33333333, stall:0], [w:4000, h:2000, format:PRIVATE(34), min_duration:33333333, stall:0], [w:3840, h:2160, format:PRIVATE(34), min_duration:16666666, stall:0], [w:3264, h:2448, format:PRIVATE(34), min_duration:33333333, stall:0], [w:3264, h:1836, format:PRIVATE(34), min_duration:16666666, stall:0], [w:2688, h:1512, format:PRIVATE(34), min_duration:16666666, stall:0], [w:2560, h:1920, format:PRIVATE(34), min_duration:33333333, stall:0], [w:2560, h:1280, format:PRIVATE(34), min_duration:33333333, stall:0], [w:2052, h:2736, format:PRIVATE(34), min_duration:16666666, stall:0], [w:2048, h:1536, format:PRIVATE(34), min_duration:33333333, stall:0], [w:1920, h:1920, format:PRIVATE(34), min_duration:33333333, stall:0], [w:1920, h:1440, format:PRIVATE(34), min_duration:33333333, stall:0], [w:1920, h:1080, format:PRIVATE(34), min_duration:16666666, stall:0], [w:1920, h:960, format:PRIVATE(34), min_duration:33333333, stall:0], [w:1792, h:1008, format:PRIVATE(34), min_duration:16666666, stall:0], [w:1600, h:2136, format:PRIVATE(34), min_duration:16666666, stall:0], [w:1600, h:1200, format:PRIVATE(34), min_duration:33333333, stall:0], [w:1440, h:1080, format:PRIVATE(34), min_duration:33333333, stall:0], [w:1344, h:1008, format:PRIVATE(34), min_duration:33333333, stall:0], [w:1280, h:960, format:PRIVATE(34), min_duration:33333333, stall:0], [w:1280, h:720, format:PRIVATE(34), min_duration:16666666, stall:0], [w:1080, h:1440, format:PRIVATE(34), min_duration:16666666, stall:0], [w:1080, h:1080, format:PRIVATE(34), min_duration:33333333, stall:0], [w:1024, h:768, format:PRIVATE(34), min_duration:33333333, stall:0], [w:1024, h:576, format:PRIVATE(34), min_duration:16666666, stall:0], [w:800, h:600, format:PRIVATE(34), min_duration:33333333, stall:0], [w:768, h:1024, format:PRIVATE(34), min_duration:16666666, stall:0], [w:720, h:960, format:PRIVATE(34), min_duration:16666666, stall:0], [w:720, h:480, format:PRIVATE(34), min_duration:33333333, stall:0], [w:640, h:480, format:PRIVATE(34), min_duration:33333333, stall:0], [w:640, h:360, format:PRIVATE(34), min_duration:16666666, stall:0], [w:480, h:640, format:PRIVATE(34), min_duration:16666666, stall:0], [w:352, h:288, format:PRIVATE(34), min_duration:33333333, stall:0], [w:320, h:240, format:PRIVATE(34), min_duration:33333333, stall:0], [w:176, h:144, format:PRIVATE(34), min_duration:33333333, stall:0], [w:4000, h:3000, format:YUV_420_888(35), min_duration:33333333, stall:0], [w:4000, h:2000, format:YUV_420_888(35), min_duration:33333333, stall:0], [w:3840, h:2160, format:YUV_420_888(35), min_duration:16666666, stall:0], [w:3264, h:2448, format:YUV_420_888(35), min_duration:33333333, stall:0], [w:3264, h:1836, format:YUV_420_888(35), min_duratio
2026-02-22 19:28:56.481 19982-19982 WebViewAct...etUpCamera io....stant.companion.android.debug  D  n:16666666, stall:0], [w:2688, h:1512, format:YUV_420_888(35), min_duration:16666666, stall:0], [w:2560, h:1920, format:YUV_420_888(35), min_duration:33333333, stall:0], [w:2560, h:1280, format:YUV_420_888(35), min_duration:33333333, stall:0], [w:2052, h:2736, format:YUV_420_888(35), min_duration:16666666, stall:0], [w:2048, h:1536, format:YUV_420_888(35), min_duration:33333333, stall:0], [w:1920, h:1920, format:YUV_420_888(35), min_duration:33333333, stall:0], [w:1920, h:1440, format:YUV_420_888(35), min_duration:33333333, stall:0], [w:1920, h:1080, format:YUV_420_888(35), min_duration:16666666, stall:0], [w:1920, h:960, format:YUV_420_888(35), min_duration:33333333, stall:0], [w:1792, h:1008, format:YUV_420_888(35), min_duration:16666666, stall:0], [w:1600, h:2136, format:YUV_420_888(35), min_duration:16666666, stall:0], [w:1600, h:1200, format:YUV_420_888(35), min_duration:33333333, stall:0], [w:1440, h:1080, format:YUV_420_888(35), min_duration:33333333, stall:0], [w:1344, h:1008, format:YUV_420_888(35), min_duration:33333333, stall:0], [w:1280, h:960, format:YUV_420_888(35), min_duration:33333333, stall:0], [w:1280, h:720, format:YUV_420_888(35), min_duration:16666666, stall:0], [w:1080, h:1440, format:YUV_420_888(35), min_duration:16666666, stall:0], [w:1080, h:1080, format:YUV_420_888(35), min_duration:33333333, stall:0], [w:1024, h:768, format:YUV_420_888(35), min_duration:33333333, stall:0], [w:1024, h:576, format:YUV_420_888(35), min_duration:16666666, stall:0], [w:800, h:600, format:YUV_420_888(35), min_duration:33333333, stall:0], [w:768, h:1024, format:YUV_420_888(35), min_duration:16666666, stall:0], [w:720, h:960, format:YUV_420_888(35), min_duration:16666666, stall:0], [w:720, h:480, format:YUV_420_888(35), min_duration:33333333, stall:0], [w:640, h:480, format:YUV_420_888(35), min_duration:33333333, stall:0], [w:640, h:360, format:YUV_420_888(35), min_duration:16666666, stall:0], [w:480, h:640, format:YUV_420_888(35), min_duration:16666666, stall:0], [w:352, h:288, format:YUV_420_888(35), min_duration:33333333, stall:0], [w:320, h:240, format:YUV_420_888(35), min_duration:33333333, stall:0], [w:176, h:144, format:YUV_420_888(35), min_duration:33333333, stall:0], [w:4000, h:3000, format:RAW10(37), min_duration:33333333, stall:0], [w:4000, h:2256, format:RAW10(37), min_duration:16666666, stall:0], [w:2000, h:1500, format:RAW10(37), min_duration:16666666, stall:0], [w:4000, h:3000, format:UNKNOWN(54), min_duration:33333333, stall:0], [w:4000, h:2000, format:UNKNOWN(54), min_duration:33333333, stall:0], [w:3840, h:2160, format:UNKNOWN(54), min_duration:16666666, stall:0], [w:3264, h:2448, format:UNKNOWN(54), min_duration:33333333, stall:0], [w:3264, h:1836, format:UNKNOWN(54), min_duration:16666666, stall:0], [w:2688, h:1512, format:UNKNOWN(54), min_duration:16666666, stall:0], [w:2560, h:1920, format:UNKNOWN(54), min_duration:33333333, stall:0], [w:2560, h:1280, format:UNKNOWN(54), min_duration:33333333, stall:0], [w:2052, h:2736, format:UNKNOWN(54), min_duration:16666666, stall:0], [w:2048, h:1536, format:UNKNOWN(54), min_duration:33333333, stall:0], [w:1920, h:1920, format:UNKNOWN(54), min_duration:33333333, stall:0], [w:1920, h:1440, format:UNKNOWN(54), min_duration:33333333, stall:0], [w:1920, h:1080, format:UNKNOWN(54), min_duration:16666666, stall:0], [w:1920, h:960, format:UNKNOWN(54), min_duration:33333333, stall:0], [w:1792, h:1008, format:UNKNOWN(54), min_duration:16666666, stall:0], [w:1600, h:2136, format:UNKNOWN(54), min_duration:16666666, stall:0], [w:1600, h:1200, format:UNKNOWN(54), min_duration:33333333, stall:0], [w:1440, h:1080, format:UNKNOWN(54), min_duration:33333333, stall:0], [w:1344, h:1008, format:UNKNOWN(54), min_duration:33333333, stall:0], [w:1280, h:960, format:UNKNOWN(54), min_duration:33333333, stall:0], [w:1280, h:720, format:UNKNOWN(54), min_duration:16666666, stall:0], [w:1080, h:1440, format:UNKNOWN(54), min_duration:16666666, stall:0], [w:1080, h:1080, format:UNKNOWN(54), min_
2026-02-22 19:28:56.481 19982-19982 WebViewAct...etUpCamera io....stant.companion.android.debug  D  duration:33333333, stall:0], [w:1024, h:768, format:UNKNOWN(54), min_duration:33333333, stall:0], [w:1024, h:576, format:UNKNOWN(54), min_duration:16666666, stall:0], [w:800, h:600, format:UNKNOWN(54), min_duration:33333333, stall:0], [w:768, h:1024, format:UNKNOWN(54), min_duration:16666666, stall:0], [w:720, h:960, format:UNKNOWN(54), min_duration:16666666, stall:0], [w:720, h:480, format:UNKNOWN(54), min_duration:33333333, stall:0], [w:640, h:480, format:UNKNOWN(54), min_duration:33333333, stall:0], [w:640, h:360, format:UNKNOWN(54), min_duration:16666666, stall:0], [w:480, h:640, format:UNKNOWN(54), min_duration:16666666, stall:0], [w:352, h:288, format:UNKNOWN(54), min_duration:33333333, stall:0], [w:320, h:240, format:UNKNOWN(54), min_duration:33333333, stall:0], [w:176, h:144, format:UNKNOWN(54), min_duration:33333333, stall:0], [w:3840, h:2160, format:HEIC_ULTRAHDR(4102), min_duration:16666666, stall:0], [w:2560, h:1920, format:HEIC_ULTRAHDR(4102), min_duration:33333333, stall:0], [w:2560, h:1280, format:HEIC_ULTRAHDR(4102), min_duration:33333333, stall:0], [w:2048, h:1536, format:HEIC_ULTRAHDR(4102), min_duration:33333333, stall:0], [w:1792, h:1008, format:HEIC_ULTRAHDR(4102), min_duration:16666666, stall:0], [w:1280, h:960, format:HEIC_ULTRAHDR(4102), min_duration:33333333, stall:0], [w:1280, h:720, format:HEIC_ULTRAHDR(4102), min_duration:16666666, stall:0], [w:1024, h:768, format:HEIC_ULTRAHDR(4102), min_duration:33333333, stall:0], [w:1024, h:576, format:HEIC_ULTRAHDR(4102), min_duration:16666666, stall:0], [w:768, h:1024, format:HEIC_ULTRAHDR(4102), min_duration:16666666, stall:0]), HighResolutionOutputs(), Inputs(), ValidOutputFormatsForInput(), HighSpeedVideoConfigurations([w:1280, h:720, min_fps:30, max_fps:120], [w:1280, h:720, min_fps:30, max_fps:240], [w:1280, h:720, min_fps:120, max_fps:120], [w:1280, h:720, min_fps:240, max_fps:240], [w:720, h:960, min_fps:30, max_fps:120], [w:720, h:960, min_fps:30, max_fps:240], [w:720, h:960, min_fps:120, max_fps:120], [w:720, h:960, min_fps:240, max_fps:240], [w:1920, h:1080, min_fps:30, max_fps:120], [w:1920, h:1080, min_fps:30, max_fps:240], [w:1920, h:1080, min_fps:120, max_fps:120], [w:1920, h:1080, min_fps:240, max_fps:240]))
2026-02-22 19:28:56.482 19982-19982 ScreenFlashWrapper      io....stant.companion.android.debug  W  completePendingScreenFlashClear: none pending!
2026-02-22 19:28:56.482 19982-19982 ImageCapture            io....stant.companion.android.debug  D  clearPipeline
2026-02-22 19:28:56.482 19982-19982 DeferrableSurface       io....stant.companion.android.debug  D  surface closed,  useCount=0 closed=true androidx.camera.core.impl.ImmediateSurface@75f3c69
2026-02-22 19:28:56.482 19982-19982 DeferrableSurface       io....stant.companion.android.debug  D  Surface terminated[total_surfaces=1, used_surfaces=0](androidx.camera.core.impl.ImmediateSurface@75f3c69}
2026-02-22 19:28:56.482 19982-19982 ScreenFlashWrapper      io....stant.companion.android.debug  W  completePendingScreenFlashClear: none pending!
2026-02-22 19:28:56.483 19982-19982 ResolvedFeatureGroup    io....stant.companion.android.debug  D  resolveFeatureGroup: sessionConfig = androidx.camera.core.LegacySessionConfig@25a33a2, lensFacing = 1
2026-02-22 19:28:56.483 19982-19982 CameraUseCaseAdapter    io....stant.companion.android.debug  D  addUseCases: appUseCasesToAdd = [ImageCapture:androidx.camera.core.ImageCapture-91d9d953-32cd-414a-bd4e-088abba1d8d7], featureGroup = null
2026-02-22 19:28:56.483 19982-20367 Camera2PresenceSrc      io....stant.companion.android.debug  D  System onCameraUnavailable: 0
2026-02-22 19:28:56.484 19982-20367 Camera2PresenceSrc      io....stant.companion.android.debug  D  [FetchData] Refreshed camera list: CameraIdentifier{cameraIds=0}, CameraIdentifier{cameraIds=1}
2026-02-22 19:28:56.488 19982-19982 UseCase                 io....stant.companion.android.debug  D  applyFeaturesToConfig: mFeatureGroup = null, this = ImageCapture:androidx.camera.core.ImageCapture-91d9d953-32cd-414a-bd4e-088abba1d8d7
2026-02-22 19:28:56.488 19982-19982 SupportedO...sCollector io....stant.companion.android.debug  D  useCaseConfig = androidx.camera.core.impl.ImageCaptureConfig@e6eb7f0, candidateSizes = [4000x3000, 3840x2160, 4000x2000, 3264x2448, 3264x1836, 2052x2736, 2560x1920, 2688x1512, 1920x1920, 1600x2136, 2560x1280, 2048x1536, 1920x1440, 1920x1080]
2026-02-22 19:28:56.489 19982-19982 SupportedS...ombination io....stant.companion.android.debug  D  resolvedDynamicRanges = {androidx.camera.core.impl.ImageCaptureConfig@e6eb7f0=DynamicRange@5695e84{encoding=SDR, bitDepth=8}}
2026-02-22 19:28:56.489 19982-19982 SupportedS...ombination io....stant.companion.android.debug  D  getSuggestedStreamSpecifications: isPreviewStabilizationOn = false, mIsPreviewStabilizationSupported = true, isFeatureComboInvocation = false
2026-02-22 19:28:56.489 19982-19982 SupportedS...ombination io....stant.companion.android.debug  D  resolveSpecsByCheckingMethod: checkingMethod = WITHOUT_FEATURE_COMBO
2026-02-22 19:28:56.489 19982-19982 SupportedS...ombination io....stant.companion.android.debug  D  resolveSpecsBySettings: featureSettings = FeatureSettings{getCameraMode=0, hasVideoCapture=false, getRequiredMaxBitDepth=8, isPreviewStabilizationOn=false, isUltraHdrOn=false, isHighSpeedOn=false, isFeatureComboInvocation=false, requiresFeatureComboQuery=false, getTargetFpsRange=[0, 0], isStrictFpsRequired=false}
2026-02-22 19:28:56.490 19982-19982 CameraQuirks            io....stant.companion.android.debug  D  camera2 CameraQuirks = 
2026-02-22 19:28:56.490 19982-19982 SupportedS...ombination io....stant.companion.android.debug  D  orderedSurfaceConfigListForStreamUseCase = [SurfaceConfig(configType=JPEG, configSize=MAXIMUM, streamUseCase=STILL_CAPTURE)]
2026-02-22 19:28:56.490 19982-19982 SupportedS...ombination io....stant.companion.android.debug  D  resolveSpecsBySettings: bestSizesAndFps = BestSizesAndMaxFpsForConfigs{bestSizes=[1920x1080], bestSizesForStreamUseCase=[1920x1080], maxFpsForBestSizes=60, maxFpsForStreamUseCase=60, maxFpsForAllSizes=2147483647}
2026-02-22 19:28:56.491 19982-19982 UseCase                 io....stant.companion.android.debug  D  applyFeaturesToConfig: mFeatureGroup = null, this = ImageCapture:androidx.camera.core.ImageCapture-91d9d953-32cd-414a-bd4e-088abba1d8d7
2026-02-22 19:28:56.491 19982-19982 ImageCapture            io....stant.companion.android.debug  D  onSuggestedStreamSpecUpdated: primaryStreamSpec = StreamSpec{resolution=1920x1080, originalConfiguredResolution=1920x1080, dynamicRange=DynamicRange@5695e84{encoding=SDR, bitDepth=8}, sessionType=0, expectedFrameRateRange=[0, 0], implementationOptions=androidx.camera.camera2.impl.Camera2ImplConfig@4cfa169, zslDisabled=false}, secondaryStreamSpec null
2026-02-22 19:28:56.491 19982-19982 ImageCapture            io....stant.companion.android.debug  D  createPipeline(cameraId: 0, streamSpec: StreamSpec{resolution=1920x1080, originalConfiguredResolution=1920x1080, dynamicRange=DynamicRange@5695e84{encoding=SDR, bitDepth=8}, sessionType=0, expectedFrameRateRange=[0, 0], implementationOptions=androidx.camera.camera2.impl.Camera2ImplConfig@4cfa169, zslDisabled=false})
2026-02-22 19:28:56.492 19982-19982 DeferrableSurface       io....stant.companion.android.debug  D  Surface created[total_surfaces=2, used_surfaces=0](androidx.camera.core.impl.ImmediateSurface@fcbe7ee}
2026-02-22 19:28:56.494 19982-19982 ImageCapture            io....stant.companion.android.debug  D  onCameraControlReady
2026-02-22 19:28:56.494 19982-19982 Camera2CameraControlImp io....stant.companion.android.debug  D  setFlashMode: mFlashMode = 2
2026-02-22 19:28:56.494 19982-19982 WebViewAct...etUpCamera io....stant.companion.android.debug  D  ZZZ: imageCapture=ImageCapture:androidx.camera.core.ImageCapture-91d9d953-32cd-414a-bd4e-088abba1d8d7
2026-02-22 19:28:56.494 19982-19982 WebViewActivity         io....stant.companion.android.debug  D  ZZZ: takePhoto
2026-02-22 19:28:56.494 19982-19982 ImageCapture            io....stant.companion.android.debug  D  takePictureInternal
2026-02-22 19:28:56.494 19982-19982 TakePictureManagerImpl  io....stant.companion.android.debug  D  Issue the next TakePictureRequest.
2026-02-22 19:28:56.497 19982-20363 Camera2CameraImpl       io....stant.companion.android.debug  D  {Camera@3abd94a[id=0]} Use case androidx.camera.core.ImageCapture-76970893-ef53-4bec-b772-e1294269d4af195766696 ACTIVE
2026-02-22 19:28:56.497 19982-20363 UseCaseAttachState      io....stant.companion.android.debug  D  Active and attached use case: [androidx.camera.core.ImageCapture-76970893-ef53-4bec-b772-e1294269d4af195766696, MeteringRepeating116779701] for camera: 0
2026-02-22 19:28:56.498 19982-20363 Camera2CameraImpl       io....stant.companion.android.debug  D  {Camera@3abd94a[id=0]} Use cases [androidx.camera.core.ImageCapture-76970893-ef53-4bec-b772-e1294269d4af195766696] now DETACHED for camera
2026-02-22 19:28:56.498 19982-20363 UseCaseAttachState      io....stant.companion.android.debug  D  All use case: [MeteringRepeating116779701] for camera: 0
2026-02-22 19:28:56.498 19982-20363 MeteringRepeating       io....stant.companion.android.debug  D  MeteringRepeating clear!
2026-02-22 19:28:56.498 19982-20363 DeferrableSurface       io....stant.companion.android.debug  D  surface closed,  useCount=0 closed=true androidx.camera.core.impl.ImmediateSurface@dcc0843
2026-02-22 19:28:56.498 19982-20363 DeferrableSurface       io....stant.companion.android.debug  D  Surface terminated[total_surfaces=1, used_surfaces=0](androidx.camera.core.impl.ImmediateSurface@dcc0843}
2026-02-22 19:28:56.498 19982-20363 Camera2CameraImpl       io....stant.companion.android.debug  D  {Camera@3abd94a[id=0]} Resetting Capture Session
2026-02-22 19:28:56.499 19982-20363 Camera2CameraImpl       io....stant.companion.android.debug  D  {Camera@3abd94a[id=0]} Skipping Capture Session state check due to current camera state: OPENING and previous session status: false
2026-02-22 19:28:56.499 19982-20363 Camera2CameraImpl       io....stant.companion.android.debug  D  {Camera@3abd94a[id=0]} Releasing session in state OPENING
2026-02-22 19:28:56.499 19982-20363 Camera2CameraControlImp io....stant.companion.android.debug  D  setActive: isActive = false
2026-02-22 19:28:56.499 19982-20363 UseCaseAttachState      io....stant.companion.android.debug  D  Active and attached use case: [] for camera: 0
2026-02-22 19:28:56.499 19982-20363 UseCaseAttachState      io....stant.companion.android.debug  D  Active and attached use case: [] for camera: 0
2026-02-22 19:28:56.499 19982-20363 VideoUsageControl       io....stant.companion.android.debug  D  resetDirectly: mVideoUsage reset!
2026-02-22 19:28:56.499 19982-20363 Camera2CameraImpl       io....stant.companion.android.debug  D  {Camera@3abd94a[id=0]} Closing camera.
2026-02-22 19:28:56.499 19982-20363 Camera2CameraImpl       io....stant.companion.android.debug  D  {Camera@3abd94a[id=0]} Transitioning camera internal state: OPENING --> CLOSING
2026-02-22 19:28:56.500 19982-20363 CameraStateRegistry     io....stant.companion.android.debug  D  Recalculating open cameras:
                                                                                                    Camera                                       State                 
                                                                                                    -------------------------------------------------------------------
                                                                                                    Camera@3abd94a[id=0]                         CLOSING               
                                                                                                    Camera@9140c33[id=1]                         UNKNOWN               
                                                                                                    -------------------------------------------------------------------
                                                                                                    Open count: 1 (Max allowed: 1)
2026-02-22 19:28:56.500 19982-20363 CameraStateMachine      io....stant.companion.android.debug  D  New public camera state CameraState{type=CLOSING, error=null} from CLOSING and null
2026-02-22 19:28:56.500 19982-20363 CameraStateMachine      io....stant.companion.android.debug  D  Publishing new public camera state CameraState{type=CLOSING, error=null}
2026-02-22 19:28:56.501 19982-20363 Camera2CameraImpl       io....stant.companion.android.debug  D  {Camera@3abd94a[id=0]} Use case androidx.camera.core.ImageCapture-91d9d953-32cd-414a-bd4e-088abba1d8d759095917 ACTIVE
2026-02-22 19:28:56.501 19982-20363 UseCaseAttachState      io....stant.companion.android.debug  D  Active and attached use case: [] for camera: 0
2026-02-22 19:28:56.503 19982-20363 Camera2CameraImpl       io....stant.companion.android.debug  D  {Camera@3abd94a[id=0]} Use case androidx.camera.core.ImageCapture-91d9d953-32cd-414a-bd4e-088abba1d8d759095917 ACTIVE
2026-02-22 19:28:56.503 19982-20363 UseCaseAttachState      io....stant.companion.android.debug  D  Active and attached use case: [] for camera: 0
2026-02-22 19:28:56.503 19982-20363 UseCaseAttachState      io....stant.companion.android.debug  D  Active and attached use case: [] for camera: 0
2026-02-22 19:28:56.503 19982-20363 Camera2CameraImpl       io....stant.companion.android.debug  D  {Camera@3abd94a[id=0]} Use cases [androidx.camera.core.ImageCapture-91d9d953-32cd-414a-bd4e-088abba1d8d759095917] now ATTACHED
2026-02-22 19:28:56.503 19982-20363 Camera2CameraControlImp io....stant.companion.android.debug  D  setActive: isActive = true
2026-02-22 19:28:56.506 19982-20363 UseCaseAttachState      io....stant.companion.android.debug  D  All use case: [androidx.camera.core.ImageCapture-91d9d953-32cd-414a-bd4e-088abba1d8d759095917] for camera: 0
2026-02-22 19:28:56.506 19982-20363 MeteringRepeating       io....stant.companion.android.debug  D  MeteringSession SurfaceTexture size: 640x480
2026-02-22 19:28:56.506 19982-20363 DeferrableSurface       io....stant.companion.android.debug  D  Surface created[total_surfaces=2, used_surfaces=0](androidx.camera.core.impl.ImmediateSurface@85a37e4}
2026-02-22 19:28:56.507 19982-20363 DynamicRangeResolver    io....stant.companion.android.debug  D  Resolved dynamic range for use case androidx.camera.camera2.internal.MeteringRepeatingSession-b860ba24-6416-4b7c-8d7f-ac641b62e38a to no compatible HDR dynamic ranges.
                                                                                                    DynamicRange@78311d9{encoding=UNSPECIFIED, bitDepth=0}
                                                                                                    ->
                                                                                                    DynamicRange@5695e84{encoding=SDR, bitDepth=8}
2026-02-22 19:28:56.507 19982-20363 SupportedS...ombination io....stant.companion.android.debug  D  resolvedDynamicRanges = {androidx.camera.camera2.internal.MeteringRepeatingSession$MeteringRepeatingConfig@d74ee50=DynamicRange@5695e84{encoding=SDR, bitDepth=8}}
2026-02-22 19:28:56.507 19982-20363 SupportedS...ombination io....stant.companion.android.debug  D  getSuggestedStreamSpecifications: isPreviewStabilizationOn = false, mIsPreviewStabilizationSupported = true, isFeatureComboInvocation = false
2026-02-22 19:28:56.507 19982-20363 SupportedS...ombination io....stant.companion.android.debug  D  resolveSpecsByCheckingMethod: checkingMethod = WITHOUT_FEATURE_COMBO
2026-02-22 19:28:56.508 19982-20363 SupportedS...ombination io....stant.companion.android.debug  D  resolveSpecsBySettings: featureSettings = FeatureSettings{getCameraMode=0, hasVideoCapture=false, getRequiredMaxBitDepth=8, isPreviewStabilizationOn=false, isUltraHdrOn=false, isHighSpeedOn=false, isFeatureComboInvocation=false, requiresFeatureComboQuery=false, getTargetFpsRange=[0, 0], isStrictFpsRequired=false}
2026-02-22 19:28:56.508 19982-20363 CameraQuirks            io....stant.companion.android.debug  D  camera2 CameraQuirks = 
2026-02-22 19:28:56.509 19982-20363 SupportedS...ombination io....stant.companion.android.debug  D  orderedSurfaceConfigListForStreamUseCase = [SurfaceConfig(configType=JPEG, configSize=MAXIMUM, streamUseCase=STILL_CAPTURE), SurfaceConfig(configType=PRIV, configSize=PREVIEW, streamUseCase=PREVIEW)]
2026-02-22 19:28:56.509 19982-20363 SupportedS...ombination io....stant.companion.android.debug  D  resolveSpecsBySettings: bestSizesAndFps = BestSizesAndMaxFpsForConfigs{bestSizes=[640x480], bestSizesForStreamUseCase=[640x480], maxFpsForBestSizes=30, maxFpsForStreamUseCase=30, maxFpsForAllSizes=2147483647}
2026-02-22 19:28:56.509 19982-20363 Camera2CameraImpl       io....stant.companion.android.debug  D  {Camera@3abd94a[id=0]} Surface combination with metering repeating supported!
2026-02-22 19:28:56.510 19982-20363 UseCaseAttachState      io....stant.companion.android.debug  D  Active and attached use case: [androidx.camera.core.ImageCapture-91d9d953-32cd-414a-bd4e-088abba1d8d759095917, MeteringRepeating227854415] for camera: 0
2026-02-22 19:28:56.510 19982-20363 Camera2CameraImpl       io....stant.companion.android.debug  D  {Camera@3abd94a[id=0]} Resetting Capture Session
2026-02-22 19:28:56.511 19982-20363 Camera2CameraImpl       io....stant.companion.android.debug  D  {Camera@3abd94a[id=0]} Skipping Capture Session state check due to current camera state: CLOSING and previous session status: false
2026-02-22 19:28:56.511 19982-20363 Camera2CameraImpl       io....stant.companion.android.debug  D  {Camera@3abd94a[id=0]} Releasing session in state CLOSING
2026-02-22 19:28:56.511 19982-20363 Camera2CameraImpl       io....stant.companion.android.debug  D  {Camera@3abd94a[id=0]} Transitioning camera internal state: CLOSING --> REOPENING
2026-02-22 19:28:56.511 19982-20363 CameraStateRegistry     io....stant.companion.android.debug  D  Recalculating open cameras:
                                                                                                    Camera                                       State                 
                                                                                                    -------------------------------------------------------------------
                                                                                                    Camera@3abd94a[id=0]                         OPENING               
                                                                                                    Camera@9140c33[id=1]                         UNKNOWN               
                                                                                                    -------------------------------------------------------------------
                                                                                                    Open count: 1 (Max allowed: 1)
2026-02-22 19:28:56.511 19982-20363 CameraStateMachine      io....stant.companion.android.debug  D  New public camera state CameraState{type=OPENING, error=null} from OPENING and null
2026-02-22 19:28:56.511 19982-20363 CameraStateMachine      io....stant.companion.android.debug  D  Publishing new public camera state CameraState{type=OPENING, error=null}
2026-02-22 19:28:56.511 19982-20363 Camera2CameraImpl       io....stant.companion.android.debug  D  {Camera@3abd94a[id=0]} Use case androidx.camera.core.ImageCapture-91d9d953-32cd-414a-bd4e-088abba1d8d759095917 ACTIVE
2026-02-22 19:28:56.511 19982-20363 UseCaseAttachState      io....stant.companion.android.debug  D  Active and attached use case: [androidx.camera.core.ImageCapture-91d9d953-32cd-414a-bd4e-088abba1d8d759095917, MeteringRepeating227854415] for camera: 0
2026-02-22 19:28:56.512 19982-20363 Camera2CameraImpl       io....stant.companion.android.debug  D  {Camera@3abd94a[id=0]} CameraDevice.onOpened()
2026-02-22 19:28:56.512 19982-20363 Camera2CameraImpl       io....stant.companion.android.debug  D  {Camera@3abd94a[id=0]} Transitioning camera internal state: REOPENING --> OPENED
2026-02-22 19:28:56.512 19982-20363 CameraStateRegistry     io....stant.companion.android.debug  D  Recalculating open cameras:
                                                                                                    Camera                                       State                 
                                                                                                    -------------------------------------------------------------------
                                                                                                    Camera@3abd94a[id=0]                         OPEN                  
                                                                                                    Camera@9140c33[id=1]                         UNKNOWN               
                                                                                                    -------------------------------------------------------------------
                                                                                                    Open count: 1 (Max allowed: 1)
2026-02-22 19:28:56.512 19982-20363 CameraStateMachine      io....stant.companion.android.debug  D  New public camera state CameraState{type=OPEN, error=null} from OPEN and null
2026-02-22 19:28:56.512 19982-20363 CameraStateMachine      io....stant.companion.android.debug  D  Publishing new public camera state CameraState{type=OPEN, error=null}
2026-02-22 19:28:56.512 19982-20363 UseCaseAttachState      io....stant.companion.android.debug  D  All use case: [androidx.camera.core.ImageCapture-91d9d953-32cd-414a-bd4e-088abba1d8d759095917, MeteringRepeating227854415] for camera: 0
2026-02-22 19:28:56.513 19982-20363 StreamUseCaseUtil       io....stant.companion.android.debug  D  populateSurfaceToStreamUseCaseMapping() - streamUseCaseMap = {androidx.camera.core.impl.ImmediateSurface@fcbe7ee=2, androidx.camera.core.impl.ImmediateSurface@85a37e4=1}
2026-02-22 19:28:56.513 19982-20363 UseCaseAttachState      io....stant.companion.android.debug  D  Active and attached use case: [androidx.camera.core.ImageCapture-91d9d953-32cd-414a-bd4e-088abba1d8d759095917, MeteringRepeating227854415] for camera: 0
2026-02-22 19:28:56.514 19982-20363 UseCaseAttachState      io....stant.companion.android.debug  D  Active and attached use case: [androidx.camera.core.ImageCapture-91d9d953-32cd-414a-bd4e-088abba1d8d759095917, MeteringRepeating227854415] for camera: 0
2026-02-22 19:28:56.515 19982-20363 UseCaseAttachState      io....stant.companion.android.debug  D  Active and attached use case: [androidx.camera.core.ImageCapture-91d9d953-32cd-414a-bd4e-088abba1d8d759095917, MeteringRepeating227854415] for camera: 0
2026-02-22 19:28:56.515 19982-20363 SyncCaptureSessionBase  io....stant.companion.android.debug  D  [androidx.camera.camera2.internal.SynchronizedCaptureSessionImpl@15fc9e0] getSurface done with results: [Surface(name=null mNativeObject=-5476376654580118784)/@0x1631812, Surface(name=android.graphics.SurfaceTexture@521ff77 mNativeObject=-5476376654580102304)/@0x872ebe3]
2026-02-22 19:28:56.516 19982-20363 CaptureSession          io....stant.companion.android.debug  D  Opening capture session.
2026-02-22 19:28:56.516 19982-20363 Camera2Cap...estBuilder io....stant.companion.android.debug  D  template type = 1
2026-02-22 19:28:56.517 19982-20363 Camera2Cap...estBuilder io....stant.companion.android.debug  D  applyAeFpsRange: expectedFrameRateRange = [0, 0]
2026-02-22 19:28:56.517 19982-20363 SyncCaptureSessionImpl  io....stant.companion.android.debug  D  [androidx.camera.camera2.internal.SynchronizedCaptureSessionImpl@15fc9e0] start openCaptureSession
2026-02-22 19:28:56.517 19982-20363 DeferrableSurface       io....stant.companion.android.debug  D  New surface in use[total_surfaces=2, used_surfaces=1](androidx.camera.core.impl.ImmediateSurface@fcbe7ee}
2026-02-22 19:28:56.517 19982-20363 DeferrableSurface       io....stant.companion.android.debug  D  use count+1, useCount=1 androidx.camera.core.impl.ImmediateSurface@fcbe7ee
2026-02-22 19:28:56.517 19982-20363 DeferrableSurface       io....stant.companion.android.debug  D  New surface in use[total_surfaces=2, used_surfaces=2](androidx.camera.core.impl.ImmediateSurface@85a37e4}
2026-02-22 19:28:56.517 19982-20363 DeferrableSurface       io....stant.companion.android.debug  D  use count+1, useCount=1 androidx.camera.core.impl.ImmediateSurface@85a37e4
2026-02-22 19:28:56.525 19982-19982 cr_A11yState            io....stant.companion.android.debug  I  Enabled accessibility services list updated. []
2026-02-22 19:28:56.525 19982-19982 AutofillManager         io....stant.companion.android.debug  D  Fill dialog is enabled:false, hints=[]
2026-02-22 19:28:56.527 19982-19982 cr_A11yState            io....stant.companion.android.debug  I  Informing listeners of changes.
2026-02-22 19:28:56.527 19982-19982 cr_A11yState            io....stant.companion.android.debug  I  New AccessibilityState: State{isComplexUserInteractionServiceEnabled=false, isTouchExplorationEnabled=false, isPerformGesturesEnabled=false, isAnyAccessibilityServiceEnabled=false, isAccessibilityToolPresent=false, isTextShowPasswordEnabled=true, isOnlyAutofillRunning=false, isOnlyPasswordManagersEnabled=false, isKnownScreenReaderEnabled=false}
2026-02-22 19:28:56.531 19982-19982 ConsumerBase            io....stant.companion.android.debug  E  [ImageReader-1920x1080f21m4-19982-0] abandonLocked: ConsumerBase is abandoned!
2026-02-22 19:28:56.582 19982-19982 Integratio...sitoryImpl io....stant.companion.android.debug  D  isAppLocked(): false. (LockEnabled: false, appActive: false, expireMillis: 0, currentMillis: 1771817336582)
2026-02-22 19:28:56.592 19982-19982 InsetsController        io....stant.companion.android.debug  D  hide(ime())
2026-02-22 19:28:56.592 19982-19982 ImeTracker              io....stant.companion.android.debug  I  io.homeassistant.companion.android.debug:370bcea6: onCancelled at PHASE_CLIENT_ALREADY_HIDDEN
2026-02-22 19:28:56.596 19982-20189 WM-GreedyScheduler      io....stant.companion.android.debug  D  Cancelling work ID bfbcea7a-d157-43d2-80e5-815bffcead61
2026-02-22 19:28:56.598 19982-19982 Integratio...sitoryImpl io....stant.companion.android.debug  D  isAppLocked(): false. (LockEnabled: false, appActive: false, expireMillis: 0, currentMillis: 1771817336598)
2026-02-22 19:28:56.608 19982-19982 ServerConn...iderImplKt io....stant.companion.android.debug  D  Using external URL
2026-02-22 19:28:56.611 19982-20189 JobInfo                 io....stant.companion.android.debug  W  Requested important-while-foreground flag for job701 is ignored and takes no effect
2026-02-22 19:28:56.612 19982-20189 WM-SystemJobScheduler   io....stant.companion.android.debug  D  Scheduling work ID 971c0f29-263e-4e67-8b3a-e183698c25ebJob ID 701
2026-02-22 19:28:56.616 19982-19982 WebViewActivity         io....stant.companion.android.debug  D  Loading https://ha.cpwang.co/?external_auth=1 (keepHistory true, openInApp true)
2026-02-22 19:28:56.616 19982-19982 WindowOnBackDispatcher  io....stant.companion.android.debug  D  setTopOnBackInvokedCallback (unwrapped): androidx.navigationevent.OnBackInvokedInput$createOnBackAnimationCallback$1@b1a3a1d
2026-02-22 19:28:56.617 19982-19982 WebViewActivity         io....stant.companion.android.debug  D  Same base URL without meaningful path, skipping load
2026-02-22 19:28:56.617 19982-19982 ServerConn...iderImplKt io....stant.companion.android.debug  D  Using external URL
2026-02-22 19:28:56.617 19982-19982 ServerConn...iderImplKt io....stant.companion.android.debug  D  Using external URL
2026-02-22 19:28:56.618 19982-19982 ServerConn...iderImplKt io....stant.companion.android.debug  D  Using external URL
2026-02-22 19:28:56.618 19982-19982 WindowOnBackDispatcher  io....stant.companion.android.debug  D  setTopOnBackInvokedCallback (unwrapped): android.app.Activity$$ExternalSyntheticLambda0@d0b983f
2026-02-22 19:28:56.623 19982-20363 SyncCaptureSessionImpl  io....stant.companion.android.debug  D  [androidx.camera.camera2.internal.SynchronizedCaptureSessionImpl@15fc9e0] Session onConfigured()
2026-02-22 19:28:56.623 19982-20363 CaptureSession          io....stant.companion.android.debug  D  Attempting to send capture request onConfigured
2026-02-22 19:28:56.623 19982-20363 CaptureSession          io....stant.companion.android.debug  D  Issuing request for session.
2026-02-22 19:28:56.623 19982-20363 Camera2Cap...estBuilder io....stant.companion.android.debug  D  createCaptureRequest
2026-02-22 19:28:56.625 19982-20363 Camera2Cap...estBuilder io....stant.companion.android.debug  D  applyAeFpsRange: expectedFrameRateRange = [0, 0]
2026-02-22 19:28:56.625 19982-20363 Camera2Cap...estBuilder io....stant.companion.android.debug  D  applyVideoStabilization: mode = null
2026-02-22 19:28:56.626 19982-20189 WM-GreedyScheduler      io....stant.companion.android.debug  D  Starting tracking for 971c0f29-263e-4e67-8b3a-e183698c25eb
2026-02-22 19:28:56.628 19982-19982 ServerConn...iderImplKt io....stant.companion.android.debug  D  Using external URL
2026-02-22 19:28:56.629 19982-19982 ServerConn...iderImplKt io....stant.companion.android.debug  D  Using external URL
2026-02-22 19:28:56.631 19982-19982 WM-SystemJobService     io....stant.companion.android.debug  D  onStartJob for WorkGenerationalId(workSpecId=971c0f29-263e-4e67-8b3a-e183698c25eb, generation=0)
2026-02-22 19:28:56.633 19982-20363 CaptureSession          io....stant.companion.android.debug  D  CameraCaptureSession.onConfigured() mState=OPENED
2026-02-22 19:28:56.634 19982-20363 CaptureSession          io....stant.companion.android.debug  D  CameraCaptureSession.onReady() OPENED
2026-02-22 19:28:56.635 19982-20189 WM-GreedyScheduler      io....stant.companion.android.debug  D  Starting tracking for 971c0f29-263e-4e67-8b3a-e183698c25eb
2026-02-22 19:28:56.664 19982-20189 WM-Processor            io....stant.companion.android.debug  D  Processor: processing WorkGenerationalId(workSpecId=971c0f29-263e-4e67-8b3a-e183698c25eb, generation=0)
2026-02-22 19:28:56.678 19982-20237 WM-Processor            io....stant.companion.android.debug  D  Processor cancelling af5e14b7-c266-4e06-b7f3-6df9b2e9377c
2026-02-22 19:28:56.678 19982-20237 WM-Processor            io....stant.companion.android.debug  D  WorkerWrapper could not be found for af5e14b7-c266-4e06-b7f3-6df9b2e9377c
2026-02-22 19:28:56.683 19982-20237 WM-GreedyScheduler      io....stant.companion.android.debug  D  Cancelling work ID af5e14b7-c266-4e06-b7f3-6df9b2e9377c
2026-02-22 19:28:56.692 19982-20237 JobInfo                 io....stant.companion.android.debug  W  Requested important-while-foreground flag for job702 is ignored and takes no effect
2026-02-22 19:28:56.692 19982-20237 WM-SystemJobScheduler   io....stant.companion.android.debug  D  Scheduling work ID 0167273d-3abc-458d-a39c-dbb29c673f05Job ID 702
2026-02-22 19:28:56.698 19982-19982 WM-SystemJobService     io....stant.companion.android.debug  D  onStartJob for WorkGenerationalId(workSpecId=0167273d-3abc-458d-a39c-dbb29c673f05, generation=0)
2026-02-22 19:28:56.699 19982-20237 WM-GreedyScheduler      io....stant.companion.android.debug  D  Starting work for 0167273d-3abc-458d-a39c-dbb29c673f05
2026-02-22 19:28:56.700 19982-20237 WM-GreedyScheduler      io....stant.companion.android.debug  D  Starting tracking for 971c0f29-263e-4e67-8b3a-e183698c25eb
2026-02-22 19:28:56.715 19982-19982 WM-WorkerWrapper        io....stant.companion.android.debug  D  Starting work for io.homeassistant.companion.android.sensors.SensorWorker
2026-02-22 19:28:56.723 19982-20237 WM-Processor            io....stant.companion.android.debug  D  Processor: processing WorkGenerationalId(workSpecId=0167273d-3abc-458d-a39c-dbb29c673f05, generation=0)
2026-02-22 19:28:56.725 19982-20237 WM-Processor            io....stant.companion.android.debug  D  Work WorkGenerationalId(workSpecId=0167273d-3abc-458d-a39c-dbb29c673f05, generation=0) is already enqueued for processing
2026-02-22 19:28:56.731 19982-20237 WM-ConstraintTracker    io....stant.companion.android.debug  D  NetworkStateTracker24: initial state = NetworkState(isConnected=true, isValidated=true, isMetered=false, isNotRoaming=true)
2026-02-22 19:28:56.731 19982-20237 WM-NetworkStateTracker  io....stant.companion.android.debug  D  Registering network callback
2026-02-22 19:28:56.734 19982-20233 WM-Processor            io....stant.companion.android.debug  I  Moving WorkSpec (971c0f29-263e-4e67-8b3a-e183698c25eb) to the foreground
2026-02-22 19:28:56.736 19982-20320 WM-NetworkStateTracker  io....stant.companion.android.debug  D  Network capabilities changed: [ Transports: WIFI Capabilities: NOT_METERED&INTERNET&NOT_RESTRICTED&TRUSTED&NOT_VPN&VALIDATED&NOT_ROAMING&FOREGROUND&NOT_CONGESTED&NOT_SUSPENDED&NOT_VCN_MANAGED&NOT_BANDWIDTH_CONSTRAINED LinkUpBandwidth>=38751Kbps LinkDnBandwidth>=41828Kbps TransportInfo: <SSID: <unknown ssid>, BSSID: 02:00:00:00:00:00, MAC: 02:00:00:00:00:00, IP: /192.168.10.78, Security type: 2, Supplicant state: COMPLETED, Wi-Fi standard: 11ax, RSSI: -40, Link speed: 487Mbps, Tx Link speed: 487Mbps, Max Supported Tx Link speed: 573Mbps, Calculated Tx : 377Mbps, Rx Link speed: 516Mbps, Max Supported Rx Link speed: 573Mbps, Calculated Rx : 421Mbps, Frequency: 5220MHz, Net ID: -1, Metered hint: false, score: 60, isUsable: true, CarrierMerged: false, SubscriptionId: -1, IsPrimary: -1, Trusted: true, Restricted: false, Ephemeral: false, OEM paid: false, OEM private: false, OSU AP: false, FQDN: <none>, Provider friendly name: <none>, Requesting package name: <none><none>MLO Information: , Is TID-To-Link negotiation supported by the AP: false, AP MLD Address: <none>, AP MLO Link Id: <none>, AP MLO Affiliated links: <none>, Vendor Data: <none>> SignalStrength: -40 UnderlyingNetworks: Null]
2026-02-22 19:28:56.769 19982-20385 SensorWorkerBase$doWork io....stant.companion.android.debug  D  Updating all Sensors in foreground.
2026-02-22 19:28:56.782 19982-20234 WM-GreedyScheduler      io....stant.companion.android.debug  D  Constraints met: Scheduling work ID WorkGenerationalId(workSpecId=971c0f29-263e-4e67-8b3a-e183698c25eb, generation=0)
2026-02-22 19:28:56.788 19982-20234 WM-Processor            io....stant.companion.android.debug  D  Work WorkGenerationalId(workSpecId=971c0f29-263e-4e67-8b3a-e183698c25eb, generation=0) is already enqueued for processing
2026-02-22 19:28:56.790 19982-20402 WebViewAct...tInterface io....stant.companion.android.debug  D  External bus {"type":"connection-status","payload":{"event":"connected"},"id":5}
2026-02-22 19:28:56.803 19982-20367 Camera2CapturePipeline  io....stant.companion.android.debug  D  createPipeline: captureMode = 1, flashMode = 2, flashType = 0, pipeline tasks = [androidx.camera.camera2.internal.Camera2CapturePipeline$AePreCaptureTask@94625b6]
2026-02-22 19:28:56.803 19982-20367 Camera2CapturePipeline  io....stant.companion.android.debug  D  isFlashRequired: flashMode = 2
2026-02-22 19:28:56.803 19982-20367 Camera2CapturePipeline  io....stant.companion.android.debug  D  isFlashRequired: flashMode = 2
2026-02-22 19:28:56.803 19982-20367 Camera2CapturePipeline  io....stant.companion.android.debug  D  applyStillCaptureTemplate: templateToModify = -1
2026-02-22 19:28:56.803 19982-20367 Camera2CameraImpl       io....stant.companion.android.debug  D  {Camera@3abd94a[id=0]} Issue capture request
2026-02-22 19:28:56.803 19982-20367 CaptureSession          io....stant.companion.android.debug  D  Issuing capture request.
2026-02-22 19:28:56.804 19982-20367 Camera2Cap...estBuilder io....stant.companion.android.debug  D  createCaptureRequest
2026-02-22 19:28:56.805 19982-20367 Camera2Cap...estBuilder io....stant.companion.android.debug  D  applyAeFpsRange: expectedFrameRateRange = [0, 0]
2026-02-22 19:28:56.805 19982-20367 Camera2Cap...estBuilder io....stant.companion.android.debug  D  applyVideoStabilization: mode = null
2026-02-22 19:28:56.887 19982-19982 WM-SystemFgDispatcher   io....stant.companion.android.debug  I  Started foreground service Intent { act=ACTION_START_FOREGROUND xflg=0x4 cmp=io.homeassistant.companion.android.debug/androidx.work.impl.foreground.SystemForegroundService (has extras) }
2026-02-22 19:28:56.887 19982-19982 WM-SystemFgDispatcher   io....stant.companion.android.debug  D  Notifying with (id:42, workSpecId: 971c0f29-263e-4e67-8b3a-e183698c25eb, notificationType :1)
2026-02-22 19:28:56.894 19982-19982 WM-SystemFgDispatcher   io....stant.companion.android.debug  D  Notifying with (id:42, workSpecId: 971c0f29-263e-4e67-8b3a-e183698c25eb, notificationType :1)
2026-02-22 19:28:56.900 19982-19982 WM-WorkerWrapper        io....stant.companion.android.debug  D  Starting work for io.homeassistant.companion.android.websocket.WebsocketManager
2026-02-22 19:28:56.906 19982-20237 WM-WorkerWrapper        io....stant.companion.android.debug  I  Worker result SUCCESS for Work [ id=0167273d-3abc-458d-a39c-dbb29c673f05, tags={ io.homeassistant.companion.android.websocket.WebsocketManager } ]
2026-02-22 19:28:56.911 19982-19982 WM-Processor            io....stant.companion.android.debug  D  Processor 0167273d-3abc-458d-a39c-dbb29c673f05 executed; reschedule = false
2026-02-22 19:28:56.911 19982-19982 WM-SystemJobService     io....stant.companion.android.debug  D  0167273d-3abc-458d-a39c-dbb29c673f05 executed on JobScheduler
2026-02-22 19:28:56.914 19982-20233 WM-GreedyScheduler      io....stant.companion.android.debug  D  Cancelling work ID 0167273d-3abc-458d-a39c-dbb29c673f05
2026-02-22 19:28:56.926 19982-20233 WM-SystemJobScheduler   io....stant.companion.android.debug  D  Scheduling work ID 0167273d-3abc-458d-a39c-dbb29c673f05Job ID 702
2026-02-22 19:28:57.005 19982-20402 WebViewAct...tInterface io....stant.companion.android.debug  D  External bus {"type":"theme-update","id":6}
2026-02-22 19:28:57.062 19982-19982 WebViewAct...$takePhoto io....stant.companion.android.debug  D  ZZZ: onCaptureStarted
2026-02-22 19:28:57.089 19982-19982 WebViewAct...nBarColors io....stant.companion.android.debug  D  Color from webview is "#101e24-SPACER-#111111"
2026-02-22 19:28:57.090 19982-20210 WebViewPre...bViewColor io....stant.companion.android.debug  D  Try getting color from webview color "#101e24".
2026-02-22 19:28:57.090 19982-20210 WebViewPre...bViewColor io....stant.companion.android.debug  I  Found color -15720924.
2026-02-22 19:28:57.091 19982-20210 WebViewPre...bViewColor io....stant.companion.android.debug  D  Try getting color from webview color "#111111".
2026-02-22 19:28:57.091 19982-20210 WebViewPre...bViewColor io....stant.companion.android.debug  I  Found color -15658735.
2026-02-22 19:28:57.124 19982-19982 TakePictureManagerImpl  io....stant.companion.android.debug  D  Issue the next TakePictureRequest.
2026-02-22 19:28:57.124 19982-19982 TakePictureManagerImpl  io....stant.companion.android.debug  D  No new request.
2026-02-22 19:28:57.198 19982-19982 WebViewAct...$takePhoto io....stant.companion.android.debug  D  ZZZ: Photo saved to gallery: content://media/external/images/media/35
2026-02-22 19:28:57.331 19982-20290 OkHttp                  io....stant.companion.android.debug  I  --> POST https://ha.cpwang.co/api/webhook/74d0957123bd0eeb86452c19b856fd1b82205fd0fe90cdac89e8863b8ccb7ce9
2026-02-22 19:28:57.331 19982-20290 OkHttp                  io....stant.companion.android.debug  I  Content-Type: application/json; charset=UTF-8
2026-02-22 19:28:57.331 19982-20290 OkHttp                  io....stant.companion.android.debug  I  Content-Length: 21
2026-02-22 19:28:57.331 19982-20290 OkHttp                  io....stant.companion.android.debug  I  
2026-02-22 19:28:57.331 19982-20290 OkHttp                  io....stant.companion.android.debug  I  {"type":"get_config"}
2026-02-22 19:28:57.331 19982-20290 OkHttp                  io....stant.companion.android.debug  I  --> END POST (21-byte body)
2026-02-22 19:28:57.454 19982-20290 OkHttp                  io....stant.companion.android.debug  I  <-- 200 https://ha.cpwang.co/api/webhook/74d0957123bd0eeb86452c19b856fd1b82205fd0fe90cdac89e8863b8ccb7ce9 (122ms)
2026-02-22 19:28:57.454 19982-20290 OkHttp                  io....stant.companion.android.debug  I  date: Mon, 23 Feb 2026 03:28:57 GMT
2026-02-22 19:28:57.454 19982-20290 OkHttp                  io....stant.companion.android.debug  I  content-type: application/json
2026-02-22 19:28:57.454 19982-20290 OkHttp                  io....stant.companion.android.debug  I  referrer-policy: no-referrer
2026-02-22 19:28:57.454 19982-20290 OkHttp                  io....stant.companion.android.debug  I  server: cloudflare
2026-02-22 19:28:57.454 19982-20290 OkHttp                  io....stant.companion.android.debug  I  x-content-type-options: nosniff
2026-02-22 19:28:57.454 19982-20290 OkHttp                  io....stant.companion.android.debug  I  x-frame-options: SAMEORIGIN
2026-02-22 19:28:57.454 19982-20290 OkHttp                  io....stant.companion.android.debug  I  cf-cache-status: DYNAMIC
2026-02-22 19:28:57.454 19982-20290 OkHttp                  io....stant.companion.android.debug  I  nel: {"report_to":"cf-nel","success_fraction":0.0,"max_age":604800}
2026-02-22 19:28:57.454 19982-20290 OkHttp                  io....stant.companion.android.debug  I  server-timing: cfCacheStatus;desc="DYNAMIC"
2026-02-22 19:28:57.454 19982-20290 OkHttp                  io....stant.companion.android.debug  I  server-timing: cfEdge;dur=16,cfOrigin;dur=17
2026-02-22 19:28:57.454 19982-20290 OkHttp                  io....stant.companion.android.debug  I  report-to: {"group":"cf-nel","max_age":604800,"endpoints":[{"url":"https://a.nel.cloudflare.com/report/v4?s=vw%2BuLuyloc0zUUFMa9m4G8NBNtdyjU34A1QAxaoMwE7RGMToadzRcXmF%2BFfACwVWqux1eB92Un6MtAloCkRIG%2FgRJ2YdcZ0Db4A%3D"}]}
2026-02-22 19:28:57.454 19982-20290 OkHttp                  io....stant.companion.android.debug  I  cf-ray: 9d23a2d4fb4015e7-SJC
2026-02-22 19:28:57.454 19982-20290 OkHttp                  io....stant.companion.android.debug  I  alt-svc: h3=":443"; ma=86400
2026-02-22 19:28:57.455 19982-20290 OkHttp                  io....stant.companion.android.debug  I  
2026-02-22 19:28:57.455 19982-20290 OkHttp                  io....stant.companion.android.debug  I  {"latitude":37.36853034256506,"longitude":-122.06067171827492,"elevation":50,"hass_device_id":"a23263353177f7c9854acfc8c0152410","unit_system":{"length":"mi","accumulated_precipitation":"in","area":"ft²","mass":"lb","pressure":"psi","temperature":"°F","volume":"gal","wind_speed":"mph"},"location_name":"Home","time_zone":"America/Los_Angeles","components":["wyoming","stream","binary_sensor","zwave_js.siren","local_todo.todo","wake_word","tasmota.binary_sensor","ecobee.notify","device_tracker","zwave_js.binary_sensor","wyoming.tts","tasmota.light","hassio","schedule","mqtt.binary_sensor","weather","lock","climate","camera","usb","mqtt.sensor","mobile_app.binary_sensor","google_assistant","smartthinq_sensors.light","aarlo.alarm_control_panel","backup.event","input_button","aarlo","zwave_js.light","trace","group","shelly.text","zwave_js.fan","script","conversation_patch","esphome.binary_sensor","alarm_control_panel","button","homeassistant_alerts","stt","input_datetime","hassio.update","hacs.switch","person","search","template","esphome.assist_satellite","aarlo.switch","ffmpeg","smartthinq_sensors.water_heater","smartthinq_sensors","timer","dyson_local.switch","analytics","shelly.select","ssdp","template.binary_sensor","bluetooth_adapters","envisalink.sensor","cast","ecobee","sun.binary_sensor","aarlo.siren","wake_on_lan.switch","smartthinq_sensors.switch","influxdb","default_config","zeroconf","webhook","notify","google_assistant.button","ollama.ai_task","energy","esphome.event","ollama","esphome","media_source","ai_task","backup.sensor","logbook","onboarding","cover","cast.media_player","zwave_js.button","template.switch","webostv.media_player","dyson_local","aarlo.sensor","dhcp","zwave_js","input_number","persistent_notification","file_upload","history_stats.sensor","ollama.sensor","input_boolean","mobile_app","dyson_local.climate","input_text","humidifier","http","assist_pipeline","ecobee.switch","zwave_js.humidifier","config","lovelace","wake_on_lan","shelly.climate","mobile_app.sensor","homeassistant","shell_command","python_script","smartthinq_sensors.fan","alexa","my","tasmota.sensor","esphome.media_player","webostv.notify","esphome.update","shelly.switch","input_select","zwave_js.number","zwave_js.lock","smartthinq_sensors.button","raspberry_pi","api","zwave_js.cover","smartthinq_sensors.sensor","cloud.tts","smartthinq_sensors.select","number","system_health","shelly.sensor","dyson_local.button","energy.sensor","dyson_local.select","rpi_power.binary_sensor","shelly.button","tasmota.switch","go2rtc","update","mobile_app.device_tracker","zwave_js.update","intent","diagnostics","water_heater","hassio.binary_sensor","image_upload","tts","zwave_js.climate","mqtt.switch","shelly.event","mobile_app.notify","event","blueprint","zwave_js.sensor","sensor","counter","shelly.binary_sensor","shelly.number","esphome.light","esphome.switch","logger","websocket_api","smartthinq_sensors.binary_sensor","light","envisalink","ecobee.weather","sun","met","ecobee.climate","smartthinq_sensors.climate","todo","webostv","shelly.update","cloud","shelly.cover","aarlo.binary_sensor","tag","esphome.button","group.cover","bluetooth","ecobee.binary_sensor","envisalink.binary_sensor","zone","valve","esphome.sensor","sun.sensor","scene","system_log","assist_satellite","backup","ecobee.humidifier","tasmota.cover","ecobee.number","dyson_local.fan","siren","wyoming.stt","auth","mqtt","shelly","hacs","aarlo.media_player","tasmota.fan","envisalink.alarm_control_panel","automation","aarlo.camera","recorder","tasmota","hardware","aarlo.light","history","met.weather","shelly.light","template.sensor","smartthinq_sensors.humidifier","switch","zwave_js.event","ecobee.sensor","select","text","media_player","zwave_js.switch","hassio.sensor","application_credentials","local_todo","dyson_local.sensor","fan","homeassistant.scene","network","rpi_power","ollama.conversation","conversation","device_automation","repairs","shelly.valve","esphome.select","esphome.number","hacs.update","zwave_js.select",
2026-02-22 19:28:57.455 19982-20290 OkHttp                  io....stant.companion.android.debug  I  "frontend"],"version":"2025.9.4","theme_color":"#2980b9","entities":{"48be4fc3f175197f":{"disabled":false},"detected_activity":{"disabled":true},"sleep_confidence":{"disabled":true},"sleep_segment":{"disabled":true},"android_auto":{"disabled":true},"android_os_version":{"disabled":true},"android_os_security_patch":{"disabled":true},"current_version":{"disabled":true},"app_rx_gb":{"disabled":true},"app_tx_gb":{"disabled":true},"app_memory":{"disabled":true},"app_inactive":{"disabled":true},"app_standby_bucket":{"disabled":true},"app_importance":{"disabled":true},"audio_sensor":{"disabled":true},"audio_mode":{"disabled":true},"headphone_state":{"disabled":true},"mic_muted":{"disabled":true},"speakerphone_state":{"disabled":true},"music_active":{"disabled":true},"volume_alarm":{"disabled":true},"volume_call":{"disabled":true},"volume_music":{"disabled":true},"volume_ring":{"disabled":true},"volume_notification":{"disabled":true},"volume_system":{"disabled":true},"volume_dtmf":{"disabled":true},"volume_accessibility":{"disabled":true},"battery_level":{"disabled":false},"battery_state":{"disabled":false},"is_charging":{"disabled":true},"charger_type":{"disabled":false},"battery_health":{"disabled":true},"battery_temperature":{"disabled":true},"battery_power":{"disabled":true},"remaining_charge_time":{"disabled":true},"battery_cycles":{"disabled":true},"bluetooth_connection":{"disabled":true},"bluetooth_state":{"disabled":true},"ble_emitter":{"disabled":true},"beacon_monitor":{"disabled":true},"car_battery":{"disabled":true},"car_name":{"disabled":true},"car_charging_status":{"disabled":true},"car_ev_connector":{"disabled":true},"car_fuel":{"disabled":true},"car_fuel_type":{"disabled":true},"car_odometer":{"disabled":true},"car_speed":{"disabled":true},"car_range_remaining":{"disabled":true},"screen_brightness":{"disabled":true},"screen_off_timeout":{"disabled":true},"screen_orientation":{"disabled":true},"screen_rotation":{"disabled":true},"dnd_sensor":{"disabled":true},"accent_color":{"disabled":true},"is_work_profile":{"disabled":true},"geocoded_location":{"disabled":true},"health_connect_active_calories_burned":{"disabled":true},"health_connect_blood_glucose":{"disabled":true},"health_connect_body_fat":{"disabled":true},"health_connect_diastolic_blood_pressure":{"disabled":true},"health_connect_distance":{"disabled":true},"health_connect_elevation_gained":{"disabled":true},"health_connect_floors_climbed":{"disabled":true},"health_connect_heart_rate":{"disabled":true},"health_connect_heart_rate_variability":{"disabled":true},"health_connect_oxygen_saturation":{"disabled":true},"health_connect_respiratory_rate":{"disabled":true},"health_connect_resting_heart_rate":{"disabled":true},"health_connect_sleep_duration":{"disabled":true},"health_connect_steps":{"disabled":true},"health_connect_systolic_blood_pressure":{"disabled":true},"health_connect_total_calories_burned":{"disabled":true},"health_connect_vo2_max":{"disabled":true},"health_connect_weight":{"disabled":true},"device_locked":{"disabled":true},"device_secure":{"disabled":true},"keyguard_locked":{"disabled":true},"keyguard_secure":{"disabled":true},"last_used_app":{"disabled":true},"last_reboot":{"disabled":true},"last_update":{"disabled":true},"light_sensor":{"disabled":true},"high_accuracy_mode":{"disabled":true},"high_accuracy_update_interval":{"disabled":true},"mobile_data":{"disabled":true},"mobile_data_roaming":{"disabled":true},"wifi_connection":{"disabled":true},"wifi_bssid":{"disabled":true},"wifi_ip_address":{"disabled":true},"wifi_link_speed":{"disabled":true},"wifi_state":{"disabled":true},"wifi_frequency":{"disabled":true},"wifi_signal_strength":{"disabled":true},"public_ip_address":{"disabled":true},"hotspot_state":{"disabled":true},"network_type":{"disabled":true},"ip6_addresses":{"disabled":true},"nfc_state":{"disabled":true},"next_alarm":{"disabled":true},"last_notification":{"disabled":true},"last_removed_notification":{"disabled":true},"active_notification_count":{"disabled":true},"
2026-02-22 19:28:57.455 19982-20290 OkHttp                  io....stant.companion.android.debug  I  media_session":{"disabled":true},"phone_state":{"disabled":true},"sim_1":{"disabled":true},"sim_2":{"disabled":true},"sim_1_signal_strength":{"disabled":true},"sim_2_signal_strength":{"disabled":true},"sim_1_data_network_type":{"disabled":true},"sim_2_data_network_type":{"disabled":true},"is_interactive":{"disabled":true},"is_idle":{"disabled":true},"power_save":{"disabled":true},"pressure_sensor":{"disabled":true},"proximity_sensor":{"disabled":true},"steps_sensor":{"disabled":true},"storage_sensor":{"disabled":true},"external_storage":{"disabled":true},"current_time_zone":{"disabled":true},"total_rx_gb":{"disabled":true},"total_tx_gb":{"disabled":true}}}
2026-02-22 19:28:57.455 19982-20290 OkHttp                  io....stant.companion.android.debug  I  <-- END HTTP (123ms, 8722-byte body)
2026-02-22 19:28:57.599 19982-19982 chromium                io....stant.companion.android.debug  I  [INFO:CONSOLE:0] "Uncaught (in promise) #<Object>", source: https://ha.cpwang.co/lovelace/default_view?external_auth=1 (0)
2026-02-22 19:28:57.696 19982-20255 SensorReceiverBase      io....stant.companion.android.debug  D  Nothing to update for server 1 (Home)
2026-02-22 19:28:57.697 19982-20255 SensorReceiverBase      io....stant.companion.android.debug  I  Sensor updates and sync completed
2026-02-22 19:28:57.699 19982-20237 WM-WorkerWrapper        io....stant.companion.android.debug  I  Worker result SUCCESS for Work [ id=971c0f29-263e-4e67-8b3a-e183698c25eb, tags={ io.homeassistant.companion.android.sensors.SensorWorker } ]
2026-02-22 19:28:57.704 19982-19982 WM-Processor            io....stant.companion.android.debug  D  Processor 971c0f29-263e-4e67-8b3a-e183698c25eb executed; reschedule = false
2026-02-22 19:28:57.704 19982-19982 WM-GreedyScheduler      io....stant.companion.android.debug  D  Stopping tracking for WorkGenerationalId(workSpecId=971c0f29-263e-4e67-8b3a-e183698c25eb, generation=0)
2026-02-22 19:28:57.704 19982-19982 WM-SystemJobService     io....stant.companion.android.debug  D  971c0f29-263e-4e67-8b3a-e183698c25eb executed on JobScheduler
2026-02-22 19:28:57.704 19982-19982 WM-SystemFgDispatcher   io....stant.companion.android.debug  D  Removing Notification (id: 42, workSpecId: WorkGenerationalId(workSpecId=971c0f29-263e-4e67-8b3a-e183698c25eb, generation=0), notificationType: 1
2026-02-22 19:28:57.706 19982-20234 WM-GreedyScheduler      io....stant.companion.android.debug  D  Cancelling work ID 971c0f29-263e-4e67-8b3a-e183698c25eb
2026-02-22 19:28:57.708 19982-19982 WM-SystemFgDispatcher   io....stant.companion.android.debug  I  Stopping foreground service
2026-02-22 19:28:57.708 19982-19982 WM-SystemFgService      io....stant.companion.android.debug  D  Shutting down.
2026-02-22 19:28:57.712 19982-19982 WM-SystemJobService     io....stant.companion.android.debug  D  onStopJob for WorkGenerationalId(workSpecId=971c0f29-263e-4e67-8b3a-e183698c25eb, generation=0)
2026-02-22 19:28:57.713 19982-19982 LeakCanary              io....stant.companion.android.debug  D  Watching instance of androidx.work.impl.foreground.SystemForegroundService (androidx.work.impl.foreground.SystemForegroundService received Service#onDestroy() callback) with key da7d71a8-104c-40b5-bf48-d34c458f9544
2026-02-22 19:28:57.713 19982-19982 LeakCanary              io....stant.companion.android.debug  D  Watching instance of androidx.work.impl.background.systemjob.SystemJobService (androidx.work.impl.background.systemjob.SystemJobService received Service#onDestroy() callback) with key 108d4b12-9cfa-481b-8580-acc98266960c
2026-02-22 19:28:57.714 19982-20234 WM-SystemJobScheduler   io....stant.companion.android.debug  D  Scheduling work ID 971c0f29-263e-4e67-8b3a-e183698c25ebJob ID 703
2026-02-22 19:28:57.716 19982-20234 WM-NetworkStateTracker  io....stant.companion.android.debug  D  Unregistering network callback
2026-02-22 19:29:00.600 19982-19982 WM-DelayedWorkTracker   io....stant.companion.android.debug  D  Scheduling work d8f3f04e-7d5b-491f-b445-85796a9574e0
2026-02-22 19:29:00.601 19982-19982 WM-GreedyScheduler      io....stant.companion.android.debug  D  Starting tracking for d8f3f04e-7d5b-491f-b445-85796a9574e0
2026-02-22 19:29:00.606 19982-20234 WM-ConstraintTracker    io....stant.companion.android.debug  D  NetworkStateTracker24: initial state = NetworkState(isConnected=true, isValidated=true, isMetered=false, isNotRoaming=true)
2026-02-22 19:29:00.606 19982-20234 WM-NetworkStateTracker  io....stant.companion.android.debug  D  Registering network callback
2026-02-22 19:29:00.608 19982-20234 WM-GreedyScheduler      io....stant.companion.android.debug  D  Constraints met: Scheduling work ID WorkGenerationalId(workSpecId=d8f3f04e-7d5b-491f-b445-85796a9574e0, generation=0)
2026-02-22 19:29:00.610 19982-20320 WM-NetworkStateTracker  io....stant.companion.android.debug  D  Network capabilities changed: [ Transports: WIFI Capabilities: NOT_METERED&INTERNET&NOT_RESTRICTED&TRUSTED&NOT_VPN&VALIDATED&NOT_ROAMING&FOREGROUND&NOT_CONGESTED&NOT_SUSPENDED&NOT_VCN_MANAGED&NOT_BANDWIDTH_CONSTRAINED LinkUpBandwidth>=38751Kbps LinkDnBandwidth>=41828Kbps TransportInfo: <SSID: <unknown ssid>, BSSID: 02:00:00:00:00:00, MAC: 02:00:00:00:00:00, IP: /192.168.10.78, Security type: 2, Supplicant state: COMPLETED, Wi-Fi standard: 11ax, RSSI: -40, Link speed: 487Mbps, Tx Link speed: 487Mbps, Max Supported Tx Link speed: 573Mbps, Calculated Tx : 377Mbps, Rx Link speed: 516Mbps, Max Supported Rx Link speed: 573Mbps, Calculated Rx : 421Mbps, Frequency: 5220MHz, Net ID: -1, Metered hint: false, score: 60, isUsable: true, CarrierMerged: false, SubscriptionId: -1, IsPrimary: -1, Trusted: true, Restricted: false, Ephemeral: false, OEM paid: false, OEM private: false, OSU AP: false, FQDN: <none>, Provider friendly name: <none>, Requesting package name: <none><none>MLO Information: , Is TID-To-Link negotiation supported by the AP: false, AP MLD Address: <none>, AP MLO Link Id: <none>, AP MLO Affiliated links: <none>, Vendor Data: <none>> SignalStrength: -40 UnderlyingNetworks: Null]
2026-02-22 19:29:00.614 19982-20234 WM-Processor            io....stant.companion.android.debug  D  Processor: processing WorkGenerationalId(workSpecId=d8f3f04e-7d5b-491f-b445-85796a9574e0, generation=0)
2026-02-22 19:29:00.625 19982-19982 WM-WorkerWrapper        io....stant.companion.android.debug  D  Starting work for io.homeassistant.companion.android.common.util.ResyncRegistrationWorker
2026-02-22 19:29:00.635 19982-20255 FullApplic...enProvider io....stant.companion.android.debug  E  Issue getting token (Fix with AI)
                                                                                                    java.lang.IllegalArgumentException: Please set your Application ID. A valid Firebase App ID is required to communicate with Firebase server APIs: It identifies your application with Firebase.Please refer to https://firebase.google.com/support/privacy/init-options.
                                                                                                    	at com.google.android.gms.common.internal.Preconditions.checkArgument(com.google.android.gms:play-services-basement@@18.5.0:2)
                                                                                                    	at com.google.firebase.installations.FirebaseInstallations.preConditionChecks(FirebaseInstallations.java:177)
                                                                                                    	at com.google.firebase.installations.FirebaseInstallations.getToken(FirebaseInstallations.java:260)
                                                                                                    	at com.google.firebase.messaging.GmsRpc.setDefaultAttributesToBundle(GmsRpc.java:280)
                                                                                                    	at com.google.firebase.messaging.GmsRpc.startRpc(GmsRpc.java:242)
                                                                                                    	at com.google.firebase.messaging.GmsRpc.getToken(GmsRpc.java:192)
                                                                                                    	at com.google.firebase.messaging.FirebaseMessaging.lambda$blockingGetToken$14$com-google-firebase-messaging-FirebaseMessaging(FirebaseMessaging.java:650)
                                                                                                    	at com.google.firebase.messaging.FirebaseMessaging$$ExternalSyntheticLambda14.start(D8$$SyntheticClass:0)
                                                                                                    	at com.google.firebase.messaging.RequestDeduplicator.getOrStartGetTokenRequest(RequestDeduplicator.java:67)
                                                                                                    	at com.google.firebase.messaging.FirebaseMessaging.blockingGetToken(FirebaseMessaging.java:646)
                                                                                                    	at com.google.firebase.messaging.FirebaseMessaging.lambda$getToken$7$com-google-firebase-messaging-FirebaseMessaging(FirebaseMessaging.java:420)
                                                                                                    	at com.google.firebase.messaging.FirebaseMessaging$$ExternalSyntheticLambda11.run(D8$$SyntheticClass:0)
                                                                                                    	at java.util.concurrent.Executors$RunnableAdapter.call(Executors.java:520)
                                                                                                    	at java.util.concurrent.FutureTask.run(FutureTask.java:328)
                                                                                                    	at java.util.concurrent.ScheduledThreadPoolExecutor$ScheduledFutureTask.run(ScheduledThreadPoolExecutor.java:323)
                                                                                                    	at java.util.concurrent.ThreadPoolExecutor.runWorker(ThreadPoolExecutor.java:1100)
                                                                                                    	at java.util.concurrent.ThreadPoolExecutor$Worker.run(ThreadPoolExecutor.java:624)
                                                                                                    	at com.google.android.gms.common.util.concurrent.zza.run(com.google.android.gms:play-services-basement@@18.5.0:2)
                                                                                                    	at java.lang.Thread.run(Thread.java:1564)
2026-02-22 19:29:00.660 19982-20290 OkHttp                  io....stant.companion.android.debug  I  --> POST https://ha.cpwang.co/api/webhook/74d0957123bd0eeb86452c19b856fd1b82205fd0fe90cdac89e8863b8ccb7ce9
2026-02-22 19:29:00.660 19982-20290 OkHttp                  io....stant.companion.android.debug  I  Content-Type: application/json; charset=UTF-8
2026-02-22 19:29:00.660 19982-20290 OkHttp                  io....stant.companion.android.debug  I  Content-Length: 212
2026-02-22 19:29:00.660 19982-20290 OkHttp                  io....stant.companion.android.debug  I  
2026-02-22 19:29:00.661 19982-20290 OkHttp                  io....stant.companion.android.debug  I  {"type":"update_registration","data":{"app_version":"0.0.1-SNAPSHOT-full (1)","device_name":"Pixel Fold","manufacturer":"Google","model":"Pixel Fold","os_version":"36","app_data":{"push_websocket_channel":true}}}
2026-02-22 19:29:00.661 19982-20290 OkHttp                  io....stant.companion.android.debug  I  --> END POST (212-byte body)
2026-02-22 19:29:00.718 19982-20290 OkHttp                  io....stant.companion.android.debug  I  <-- 200 https://ha.cpwang.co/api/webhook/74d0957123bd0eeb86452c19b856fd1b82205fd0fe90cdac89e8863b8ccb7ce9 (57ms)
2026-02-22 19:29:00.718 19982-20290 OkHttp                  io....stant.companion.android.debug  I  date: Mon, 23 Feb 2026 03:29:00 GMT
2026-02-22 19:29:00.718 19982-20290 OkHttp                  io....stant.companion.android.debug  I  content-type: application/json
2026-02-22 19:29:00.718 19982-20290 OkHttp                  io....stant.companion.android.debug  I  referrer-policy: no-referrer
2026-02-22 19:29:00.718 19982-20290 OkHttp                  io....stant.companion.android.debug  I  server: cloudflare
2026-02-22 19:29:00.718 19982-20290 OkHttp                  io....stant.companion.android.debug  I  x-content-type-options: nosniff
2026-02-22 19:29:00.718 19982-20290 OkHttp                  io....stant.companion.android.debug  I  x-frame-options: SAMEORIGIN
2026-02-22 19:29:00.718 19982-20290 OkHttp                  io....stant.companion.android.debug  I  cf-cache-status: DYNAMIC
2026-02-22 19:29:00.718 19982-20290 OkHttp                  io....stant.companion.android.debug  I  nel: {"report_to":"cf-nel","success_fraction":0.0,"max_age":604800}
2026-02-22 19:29:00.718 19982-20290 OkHttp                  io....stant.companion.android.debug  I  server-timing: cfCacheStatus;desc="DYNAMIC"
2026-02-22 19:29:00.718 19982-20290 OkHttp                  io....stant.companion.android.debug  I  server-timing: cfEdge;dur=3,cfOrigin;dur=14
2026-02-22 19:29:00.718 19982-20290 OkHttp                  io....stant.companion.android.debug  I  report-to: {"group":"cf-nel","max_age":604800,"endpoints":[{"url":"https://a.nel.cloudflare.com/report/v4?s=7PN%2FgM3%2FiN8DQ7C7xEM5omYetnj6l%2FI9QjMDYhv3gz7UDf%2FO3e1HIeoQTVAAn5b8O1rWZAXDkFj0%2Fg%2FZntDZ4LOe33teYiS6Pvw%3D"}]}
2026-02-22 19:29:00.719 19982-20290 OkHttp                  io....stant.companion.android.debug  I  cf-ray: 9d23a2e97e1515e7-SJC
2026-02-22 19:29:00.719 19982-20290 OkHttp                  io....stant.companion.android.debug  I  alt-svc: h3=":443"; ma=86400
2026-02-22 19:29:00.720 19982-20290 OkHttp                  io....stant.companion.android.debug  I  
2026-02-22 19:29:00.720 19982-20290 OkHttp                  io....stant.companion.android.debug  I  {"app_data":{"push_websocket_channel":true},"app_id":"io.homeassistant.companion.android","app_name":"Home Assistant","app_version":"0.0.1-SNAPSHOT-full (1)","device_name":"Pixel Fold","manufacturer":"Google","model":"Pixel Fold","os_version":"36","supports_encryption":false}
2026-02-22 19:29:00.720 19982-20290 OkHttp                  io....stant.companion.android.debug  I  <-- END HTTP (58ms, 276-byte body)
2026-02-22 19:29:00.727 19982-20290 OkHttp                  io....stant.companion.android.debug  I  --> POST https://ha.cpwang.co/api/webhook/74d0957123bd0eeb86452c19b856fd1b82205fd0fe90cdac89e8863b8ccb7ce9
2026-02-22 19:29:00.727 19982-20290 OkHttp                  io....stant.companion.android.debug  I  Content-Type: application/json; charset=UTF-8
2026-02-22 19:29:00.727 19982-20290 OkHttp                  io....stant.companion.android.debug  I  Content-Length: 21
2026-02-22 19:29:00.727 19982-20290 OkHttp                  io....stant.companion.android.debug  I  
2026-02-22 19:29:00.727 19982-20290 OkHttp                  io....stant.companion.android.debug  I  {"type":"get_config"}
2026-02-22 19:29:00.727 19982-20290 OkHttp                  io....stant.companion.android.debug  I  --> END POST (21-byte body)
2026-02-22 19:29:00.775 19982-20290 OkHttp                  io....stant.companion.android.debug  I  <-- 200 https://ha.cpwang.co/api/webhook/74d0957123bd0eeb86452c19b856fd1b82205fd0fe90cdac89e8863b8ccb7ce9 (47ms)
2026-02-22 19:29:00.776 19982-20290 OkHttp                  io....stant.companion.android.debug  I  date: Mon, 23 Feb 2026 03:29:00 GMT
2026-02-22 19:29:00.776 19982-20290 OkHttp                  io....stant.companion.android.debug  I  content-type: application/json
2026-02-22 19:29:00.776 19982-20290 OkHttp                  io....stant.companion.android.debug  I  referrer-policy: no-referrer
2026-02-22 19:29:00.776 19982-20290 OkHttp                  io....stant.companion.android.debug  I  server: cloudflare
2026-02-22 19:29:00.776 19982-20290 OkHttp                  io....stant.companion.android.debug  I  x-content-type-options: nosniff
2026-02-22 19:29:00.776 19982-20290 OkHttp                  io....stant.companion.android.debug  I  x-frame-options: SAMEORIGIN
2026-02-22 19:29:00.776 19982-20290 OkHttp                  io....stant.companion.android.debug  I  cf-cache-status: DYNAMIC
2026-02-22 19:29:00.776 19982-20290 OkHttp                  io....stant.companion.android.debug  I  nel: {"report_to":"cf-nel","success_fraction":0.0,"max_age":604800}
2026-02-22 19:29:00.776 19982-20290 OkHttp                  io....stant.companion.android.debug  I  server-timing: cfCacheStatus;desc="DYNAMIC"
2026-02-22 19:29:00.776 19982-20290 OkHttp                  io....stant.companion.android.debug  I  server-timing: cfEdge;dur=2,cfOrigin;dur=15
2026-02-22 19:29:00.776 19982-20290 OkHttp                  io....stant.companion.android.debug  I  report-to: {"group":"cf-nel","max_age":604800,"endpoints":[{"url":"https://a.nel.cloudflare.com/report/v4?s=RdXtJNYCbr7jpC%2BMopKUiLRVyUiV07bW40%2Brxvjml8p8aEzB4KLR7rCtWqInd4XlA7T8oSnFf6k8hZCJS2Qs2M6QyDc5VEGjXUU%3D"}]}
2026-02-22 19:29:00.776 19982-20290 OkHttp                  io....stant.companion.android.debug  I  cf-ray: 9d23a2e9de5915e7-SJC
2026-02-22 19:29:00.776 19982-20290 OkHttp                  io....stant.companion.android.debug  I  alt-svc: h3=":443"; ma=86400
2026-02-22 19:29:00.778 19982-20290 OkHttp                  io....stant.companion.android.debug  I  
2026-02-22 19:29:00.778 19982-20290 OkHttp                  io....stant.companion.android.debug  I  {"latitude":37.36853034256506,"longitude":-122.06067171827492,"elevation":50,"hass_device_id":"a23263353177f7c9854acfc8c0152410","unit_system":{"length":"mi","accumulated_precipitation":"in","area":"ft²","mass":"lb","pressure":"psi","temperature":"°F","volume":"gal","wind_speed":"mph"},"location_name":"Home","time_zone":"America/Los_Angeles","components":["wyoming","stream","binary_sensor","zwave_js.siren","local_todo.todo","wake_word","tasmota.binary_sensor","ecobee.notify","device_tracker","zwave_js.binary_sensor","wyoming.tts","tasmota.light","hassio","schedule","mqtt.binary_sensor","weather","lock","climate","camera","usb","mqtt.sensor","mobile_app.binary_sensor","google_assistant","smartthinq_sensors.light","aarlo.alarm_control_panel","backup.event","input_button","aarlo","zwave_js.light","trace","group","shelly.text","zwave_js.fan","script","conversation_patch","esphome.binary_sensor","alarm_control_panel","button","homeassistant_alerts","stt","input_datetime","hassio.update","hacs.switch","person","search","template","esphome.assist_satellite","aarlo.switch","ffmpeg","smartthinq_sensors.water_heater","smartthinq_sensors","timer","dyson_local.switch","analytics","shelly.select","ssdp","template.binary_sensor","bluetooth_adapters","envisalink.sensor","cast","ecobee","sun.binary_sensor","aarlo.siren","wake_on_lan.switch","smartthinq_sensors.switch","influxdb","default_config","zeroconf","webhook","notify","google_assistant.button","ollama.ai_task","energy","esphome.event","ollama","esphome","media_source","ai_task","backup.sensor","logbook","onboarding","cover","cast.media_player","zwave_js.button","template.switch","webostv.media_player","dyson_local","aarlo.sensor","dhcp","zwave_js","input_number","persistent_notification","file_upload","history_stats.sensor","ollama.sensor","input_boolean","mobile_app","dyson_local.climate","input_text","humidifier","http","assist_pipeline","ecobee.switch","zwave_js.humidifier","config","lovelace","wake_on_lan","shelly.climate","mobile_app.sensor","homeassistant","shell_command","python_script","smartthinq_sensors.fan","alexa","my","tasmota.sensor","esphome.media_player","webostv.notify","esphome.update","shelly.switch","input_select","zwave_js.number","zwave_js.lock","smartthinq_sensors.button","raspberry_pi","api","zwave_js.cover","smartthinq_sensors.sensor","cloud.tts","smartthinq_sensors.select","number","system_health","shelly.sensor","dyson_local.button","energy.sensor","dyson_local.select","rpi_power.binary_sensor","shelly.button","tasmota.switch","go2rtc","update","mobile_app.device_tracker","zwave_js.update","intent","diagnostics","water_heater","hassio.binary_sensor","image_upload","tts","zwave_js.climate","mqtt.switch","shelly.event","mobile_app.notify","event","blueprint","zwave_js.sensor","sensor","counter","shelly.binary_sensor","shelly.number","esphome.light","esphome.switch","logger","websocket_api","smartthinq_sensors.binary_sensor","light","envisalink","ecobee.weather","sun","met","ecobee.climate","smartthinq_sensors.climate","todo","webostv","shelly.update","cloud","shelly.cover","aarlo.binary_sensor","tag","esphome.button","group.cover","bluetooth","ecobee.binary_sensor","envisalink.binary_sensor","zone","valve","esphome.sensor","sun.sensor","scene","system_log","assist_satellite","backup","ecobee.humidifier","tasmota.cover","ecobee.number","dyson_local.fan","siren","wyoming.stt","auth","mqtt","shelly","hacs","aarlo.media_player","tasmota.fan","envisalink.alarm_control_panel","automation","aarlo.camera","recorder","tasmota","hardware","aarlo.light","history","met.weather","shelly.light","template.sensor","smartthinq_sensors.humidifier","switch","zwave_js.event","ecobee.sensor","select","text","media_player","zwave_js.switch","hassio.sensor","application_credentials","local_todo","dyson_local.sensor","fan","homeassistant.scene","network","rpi_power","ollama.conversation","conversation","device_automation","repairs","shelly.valve","esphome.select","esphome.number","hacs.update","zwave_js.select",
2026-02-22 19:29:00.778 19982-20290 OkHttp                  io....stant.companion.android.debug  I  "frontend"],"version":"2025.9.4","theme_color":"#2980b9","entities":{"48be4fc3f175197f":{"disabled":false},"detected_activity":{"disabled":true},"sleep_confidence":{"disabled":true},"sleep_segment":{"disabled":true},"android_auto":{"disabled":true},"android_os_version":{"disabled":true},"android_os_security_patch":{"disabled":true},"current_version":{"disabled":true},"app_rx_gb":{"disabled":true},"app_tx_gb":{"disabled":true},"app_memory":{"disabled":true},"app_inactive":{"disabled":true},"app_standby_bucket":{"disabled":true},"app_importance":{"disabled":true},"audio_sensor":{"disabled":true},"audio_mode":{"disabled":true},"headphone_state":{"disabled":true},"mic_muted":{"disabled":true},"speakerphone_state":{"disabled":true},"music_active":{"disabled":true},"volume_alarm":{"disabled":true},"volume_call":{"disabled":true},"volume_music":{"disabled":true},"volume_ring":{"disabled":true},"volume_notification":{"disabled":true},"volume_system":{"disabled":true},"volume_dtmf":{"disabled":true},"volume_accessibility":{"disabled":true},"battery_level":{"disabled":false},"battery_state":{"disabled":false},"is_charging":{"disabled":true},"charger_type":{"disabled":false},"battery_health":{"disabled":true},"battery_temperature":{"disabled":true},"battery_power":{"disabled":true},"remaining_charge_time":{"disabled":true},"battery_cycles":{"disabled":true},"bluetooth_connection":{"disabled":true},"bluetooth_state":{"disabled":true},"ble_emitter":{"disabled":true},"beacon_monitor":{"disabled":true},"car_battery":{"disabled":true},"car_name":{"disabled":true},"car_charging_status":{"disabled":true},"car_ev_connector":{"disabled":true},"car_fuel":{"disabled":true},"car_fuel_type":{"disabled":true},"car_odometer":{"disabled":true},"car_speed":{"disabled":true},"car_range_remaining":{"disabled":true},"screen_brightness":{"disabled":true},"screen_off_timeout":{"disabled":true},"screen_orientation":{"disabled":true},"screen_rotation":{"disabled":true},"dnd_sensor":{"disabled":true},"accent_color":{"disabled":true},"is_work_profile":{"disabled":true},"geocoded_location":{"disabled":true},"health_connect_active_calories_burned":{"disabled":true},"health_connect_blood_glucose":{"disabled":true},"health_connect_body_fat":{"disabled":true},"health_connect_diastolic_blood_pressure":{"disabled":true},"health_connect_distance":{"disabled":true},"health_connect_elevation_gained":{"disabled":true},"health_connect_floors_climbed":{"disabled":true},"health_connect_heart_rate":{"disabled":true},"health_connect_heart_rate_variability":{"disabled":true},"health_connect_oxygen_saturation":{"disabled":true},"health_connect_respiratory_rate":{"disabled":true},"health_connect_resting_heart_rate":{"disabled":true},"health_connect_sleep_duration":{"disabled":true},"health_connect_steps":{"disabled":true},"health_connect_systolic_blood_pressure":{"disabled":true},"health_connect_total_calories_burned":{"disabled":true},"health_connect_vo2_max":{"disabled":true},"health_connect_weight":{"disabled":true},"device_locked":{"disabled":true},"device_secure":{"disabled":true},"keyguard_locked":{"disabled":true},"keyguard_secure":{"disabled":true},"last_used_app":{"disabled":true},"last_reboot":{"disabled":true},"last_update":{"disabled":true},"light_sensor":{"disabled":true},"high_accuracy_mode":{"disabled":true},"high_accuracy_update_interval":{"disabled":true},"mobile_data":{"disabled":true},"mobile_data_roaming":{"disabled":true},"wifi_connection":{"disabled":true},"wifi_bssid":{"disabled":true},"wifi_ip_address":{"disabled":true},"wifi_link_speed":{"disabled":true},"wifi_state":{"disabled":true},"wifi_frequency":{"disabled":true},"wifi_signal_strength":{"disabled":true},"public_ip_address":{"disabled":true},"hotspot_state":{"disabled":true},"network_type":{"disabled":true},"ip6_addresses":{"disabled":true},"nfc_state":{"disabled":true},"next_alarm":{"disabled":true},"last_notification":{"disabled":true},"last_removed_notification":{"disabled":true},"active_notification_count":{"disabled":true},"
2026-02-22 19:29:00.778 19982-20290 OkHttp                  io....stant.companion.android.debug  I  media_session":{"disabled":true},"phone_state":{"disabled":true},"sim_1":{"disabled":true},"sim_2":{"disabled":true},"sim_1_signal_strength":{"disabled":true},"sim_2_signal_strength":{"disabled":true},"sim_1_data_network_type":{"disabled":true},"sim_2_data_network_type":{"disabled":true},"is_interactive":{"disabled":true},"is_idle":{"disabled":true},"power_save":{"disabled":true},"pressure_sensor":{"disabled":true},"proximity_sensor":{"disabled":true},"steps_sensor":{"disabled":true},"storage_sensor":{"disabled":true},"external_storage":{"disabled":true},"current_time_zone":{"disabled":true},"total_rx_gb":{"disabled":true},"total_tx_gb":{"disabled":true}}}
2026-02-22 19:29:00.778 19982-20290 OkHttp                  io....stant.companion.android.debug  I  <-- END HTTP (49ms, 8722-byte body)
2026-02-22 19:29:00.809 19982-20255 ServerConn...iderImplKt io....stant.companion.android.debug  D  Using external URL
2026-02-22 19:29:00.821 19982-20320 Connectivi...ackHandler io....stant.companion.android.debug  W  callback not found for CALLBACK_AVAILABLE message
2026-02-22 19:29:00.828 19982-20368 OkHttp                  io....stant.companion.android.debug  I  --> GET https://ha.cpwang.co/api/websocket
2026-02-22 19:29:00.828 19982-20368 OkHttp                  io....stant.companion.android.debug  I  User-Agent: Home Assistant/0.0.1-SNAPSHOT-1 (Android 16; Pixel Fold)
2026-02-22 19:29:00.828 19982-20368 OkHttp                  io....stant.companion.android.debug  I  Upgrade: websocket
2026-02-22 19:29:00.828 19982-20368 OkHttp                  io....stant.companion.android.debug  I  Connection: Upgrade
2026-02-22 19:29:00.828 19982-20368 OkHttp                  io....stant.companion.android.debug  I  Sec-WebSocket-Key: kCXNcK8+JILd7dgpKqNjuw==
2026-02-22 19:29:00.828 19982-20368 OkHttp                  io....stant.companion.android.debug  I  Sec-WebSocket-Version: 13
2026-02-22 19:29:00.828 19982-20368 OkHttp                  io....stant.companion.android.debug  I  Sec-WebSocket-Extensions: permessage-deflate
2026-02-22 19:29:00.828 19982-20368 OkHttp                  io....stant.companion.android.debug  I  --> END GET
2026-02-22 19:29:00.836 19982-20238 ServerConn...iderImplKt io....stant.companion.android.debug  D  Using external URL
2026-02-22 19:29:00.848 19982-20320 Connectivi...ackHandler io....stant.companion.android.debug  W  callback not found for CALLBACK_AVAILABLE message
2026-02-22 19:29:00.997 19982-20368 OkHttp                  io....stant.companion.android.debug  I  <-- 101 Switching Protocols https://ha.cpwang.co/api/websocket (168ms)
2026-02-22 19:29:00.997 19982-20368 OkHttp                  io....stant.companion.android.debug  I  Date: Mon, 23 Feb 2026 03:29:00 GMT
2026-02-22 19:29:00.997 19982-20368 OkHttp                  io....stant.companion.android.debug  I  Connection: upgrade
2026-02-22 19:29:00.997 19982-20368 OkHttp                  io....stant.companion.android.debug  I  Sec-Websocket-Accept: NQPlw30tAJqV94oVp3NMhMPU6q4=
2026-02-22 19:29:00.997 19982-20368 OkHttp                  io....stant.companion.android.debug  I  Sec-Websocket-Extensions: permessage-deflate
2026-02-22 19:29:00.997 19982-20368 OkHttp                  io....stant.companion.android.debug  I  Upgrade: websocket
2026-02-22 19:29:00.998 19982-20368 OkHttp                  io....stant.companion.android.debug  I  cf-cache-status: DYNAMIC
2026-02-22 19:29:00.998 19982-20368 OkHttp                  io....stant.companion.android.debug  I  Report-To: {"endpoints":[{"url":"https:\/\/a.nel.cloudflare.com\/report\/v4?s=ASZgYdOuYDLKZovBYVHaUvTLMVdZp5kulSkqNPNFeus1O%2FHXG7wgFXHjGQBcQNadAOfg1sE6VwnNgbY6kWkGIwW3p35oXC%2BN4n2SkG8Sv9pQdzhIPzzvMoFNfhlSu6A%3D"}],"group":"cf-nel","max_age":604800}
2026-02-22 19:29:00.998 19982-20368 OkHttp                  io....stant.companion.android.debug  I  NEL: {"success_fraction":0,"report_to":"cf-nel","max_age":604800}
2026-02-22 19:29:00.998 19982-20368 OkHttp                  io....stant.companion.android.debug  I  Server: cloudflare
2026-02-22 19:29:00.998 19982-20368 OkHttp                  io....stant.companion.android.debug  I  CF-RAY: 9d23a2eb293ab625-SJC
2026-02-22 19:29:00.998 19982-20368 OkHttp                  io....stant.companion.android.debug  I  alt-svc: h3=":443"; ma=86400
2026-02-22 19:29:00.998 19982-20368 OkHttp                  io....stant.companion.android.debug  I  server-timing: cfL4;desc="?proto=TCP&rtt=11635&min_rtt=11217&rtt_var=5042&sent=4&recv=6&lost=0&retrans=0&sent_bytes=218&recv_bytes=906&delivery_rate=99436&cwnd=51&unsent_bytes=0&cid=531a14c3213337dd&ts=108&x=0"
2026-02-22 19:29:00.998 19982-20368 OkHttp                  io....stant.companion.android.debug  I  <-- END HTTP
2026-02-22 19:29:00.999 19982-20368 WebSocketCoreImpl       io....stant.companion.android.debug  D  Websocket: onOpen
2026-02-22 19:29:01.000 19982-20368 WebSocketCoreImpl       io....stant.companion.android.debug  D  Websocket: onMessage (text: {"type":"auth_required","ha_version":"2025.9.4"})
2026-02-22 19:29:01.001 19982-20368 WebSocketCoreImpl       io....stant.companion.android.debug  D  Message id null received
2026-02-22 19:29:01.003 19982-20212 WebSocketC...e$1$result io....stant.companion.android.debug  D  Auth Requested
2026-02-22 19:29:01.025 19982-20368 WebSocketCoreImpl       io....stant.companion.android.debug  D  Websocket: onMessage (text: {"type":"auth_ok","ha_version":"2025.9.4"})
2026-02-22 19:29:01.026 19982-20368 WebSocketCoreImpl       io....stant.companion.android.debug  D  Message id null received
2026-02-22 19:29:01.028 19982-20212 WebSocketC...pl$connect io....stant.companion.android.debug  D  Sending message 3: {type=supported_features, id=3, features={coalesce_messages=1}}
2026-02-22 19:29:01.032 19982-20212 WebSocketC...endMessage io....stant.companion.android.debug  D  Sending message 4: {type=auth/current_user, id=4}
2026-02-22 19:29:01.034 19982-20212 WebSocketC...endMessage io....stant.companion.android.debug  D  Message number 4 sent awaiting answer from WebSocket
2026-02-22 19:29:01.066 19982-20368 WebSocketCoreImpl       io....stant.companion.android.debug  D  Websocket: onMessage (text: {"id":3,"type":"result","success":true,"result":null})
2026-02-22 19:29:01.069 19982-20368 WebSocketCoreImpl       io....stant.companion.android.debug  D  Message id 3 received
2026-02-22 19:29:01.105 19982-20368 WebSocketCoreImpl       io....stant.companion.android.debug  D  Websocket: onMessage (text: {"id":4,"type":"result","success":true,"result":{"id":"2a4d3c5291c54878bd2d4955393ee104","name":"Po Wang","is_owner":true,"is_admin":true,"credentials":[{"auth_provider_type":"homeassistant","auth_provider_id":null}],"mfa_modules":[{"id":"totp","name":"Authenticator app","enabled":true}]}})
2026-02-22 19:29:01.113 19982-20368 WebSocketCoreImpl       io....stant.companion.android.debug  D  Message id 4 received
2026-02-22 19:29:01.122 19982-20237 WM-WorkerWrapper        io....stant.companion.android.debug  I  Worker result SUCCESS for Work [ id=d8f3f04e-7d5b-491f-b445-85796a9574e0, tags={ io.homeassistant.companion.android.common.util.ResyncRegistrationWorker } ]
2026-02-22 19:29:01.127 19982-19982 WM-Processor            io....stant.companion.android.debug  D  Processor d8f3f04e-7d5b-491f-b445-85796a9574e0 executed; reschedule = false
2026-02-22 19:29:01.127 19982-19982 WM-GreedyScheduler      io....stant.companion.android.debug  D  Stopping tracking for WorkGenerationalId(workSpecId=d8f3f04e-7d5b-491f-b445-85796a9574e0, generation=0)
2026-02-22 19:29:01.140 19982-20237 WM-GreedyScheduler      io....stant.companion.android.debug  D  Cancelling work ID d8f3f04e-7d5b-491f-b445-85796a9574e0
2026-02-22 19:29:01.143 19982-20237 WM-NetworkStateTracker  io....stant.companion.android.debug  D  Unregistering network callback
